IdMundial;Fecha;NPartido;Etapa;Grupo;Local;Visita;GL;GV;IndAlargue;GLA;GVA;GLT;GVT;IndPenales;GLP;GVP
ARG1978;01-06-1978;1;FGRUPOS;2;RFA;POL;0;0;N;0;0;0;0;N;0;0
ARG1978;02-06-1978;2;FGRUPOS;2;TUN;MEX;3;1;N;0;0;3;1;N;0;0
ARG1978;02-06-1978;3;FGRUPOS;1;ITA;FRA;2;1;N;0;0;2;1;N;0;0
ARG1978;02-06-1978;4;FGRUPOS;1;ARG;HUN;2;1;N;0;0;2;1;N;0;0
ARG1978;03-06-1978;5;FGRUPOS;4;NLD;IRN;3;0;N;0;0;3;0;N;0;0
ARG1978;03-06-1978;6;FGRUPOS;3;AUT;ESP;2;1;N;0;0;2;1;N;0;0
ARG1978;03-06-1978;7;FGRUPOS;4;PER;SCT;3;1;N;0;0;3;1;N;0;0
ARG1978;03-06-1978;8;FGRUPOS;3;SWE;BRA;1;1;N;0;0;1;1;N;0;0
ARG1978;06-06-1978;9;FGRUPOS;2;RFA;MEX;6;0;N;0;0;6;0;N;0;0
ARG1978;06-06-1978;10;FGRUPOS;1;ARG;FRA;2;1;N;0;0;2;1;N;0;0
ARG1978;06-06-1978;11;FGRUPOS;2;POL;TUN;1;0;N;0;0;1;0;N;0;0
ARG1978;06-06-1978;12;FGRUPOS;1;ITA;HUN;3;1;N;0;0;3;1;N;0;0
ARG1978;07-06-1978;13;FGRUPOS;4;NLD;PER;0;0;N;0;0;0;0;N;0;0
ARG1978;07-06-1978;14;FGRUPOS;3;BRA;ESP;0;0;N;0;0;0;0;N;0;0
ARG1978;07-06-1978;15;FGRUPOS;4;SCT;IRN;1;1;N;0;0;1;1;N;0;0
ARG1978;07-06-1978;16;FGRUPOS;3;AUT;SWE;1;0;N;0;0;1;0;N;0;0
ARG1978;10-06-1978;17;FGRUPOS;1;ITA;ARG;1;0;N;0;0;1;0;N;0;0
ARG1978;10-06-1978;18;FGRUPOS;2;RFA;TUN;0;0;N;0;0;0;0;N;0;0
ARG1978;10-06-1978;19;FGRUPOS;1;FRA;HUN;3;1;N;0;0;3;1;N;0;0
ARG1978;10-06-1978;20;FGRUPOS;2;POL;MEX;3;1;N;0;0;3;1;N;0;0
ARG1978;11-06-1978;21;FGRUPOS;4;PER;IRN;4;1;N;0;0;4;1;N;0;0
ARG1978;11-06-1978;22;FGRUPOS;3;ESP;SWE;1;0;N;0;0;1;0;N;0;0
ARG1978;11-06-1978;23;FGRUPOS;4;SCT;NLD;3;2;N;0;0;3;2;N;0;0
ARG1978;11-06-1978;24;FGRUPOS;3;BRA;AUT;1;0;N;0;0;1;0;N;0;0
ARG1978;14-06-1978;25;FGRUPOS2;A;NLD;AUT;5;1;N;0;0;5;1;N;0;0
ARG1978;14-06-1978;26;FGRUPOS2;A;RFA;ITA;0;0;N;0;0;0;0;N;0;0
ARG1978;14-06-1978;27;FGRUPOS2;B;BRA;PER;3;0;N;0;0;3;0;N;0;0
ARG1978;14-06-1978;28;FGRUPOS2;B;ARG;POL;2;0;N;0;0;2;0;N;0;0
ARG1978;18-06-1978;29;FGRUPOS2;B;ARG;BRA;0;0;N;0;0;0;0;N;0;0
ARG1978;18-06-1978;30;FGRUPOS2;B;POL;PER;1;0;N;0;0;1;0;N;0;0
ARG1978;18-06-1978;31;FGRUPOS2;A;RFA;NLD;2;2;N;0;0;2;2;N;0;0
ARG1978;18-06-1978;32;FGRUPOS2;A;ITA;AUT;1;0;N;0;0;1;0;N;0;0
ARG1978;21-06-1978;33;FGRUPOS2;B;ARG;PER;6;0;N;0;0;6;0;N;0;0
ARG1978;21-06-1978;34;FGRUPOS2;A;NLD;ITA;2;1;N;0;0;2;1;N;0;0
ARG1978;21-06-1978;35;FGRUPOS2;B;BRA;POL;3;1;N;0;0;3;1;N;0;0
ARG1978;21-06-1978;36;FGRUPOS2;A;AUT;RFA;3;2;N;0;0;3;2;N;0;0
ARG1978;24-06-1978;37;3LUGAR;;BRA;ITA;2;1;N;0;0;2;1;N;0;0
ARG1978;25-06-1978;38;FINAL;;ARG;NLD;1;1;S;2;0;3;1;N;0;0
BRA1950;24-06-1950;1;FGRUPOS;1;BRA;MEX;4;0;N;0;0;4;0;N;0;0
BRA1950;25-06-1950;2;FGRUPOS;3;SWE;ITA;3;2;N;0;0;3;2;N;0;0
BRA1950;25-06-1950;3;FGRUPOS;1;YUG;CHE;3;0;N;0;0;3;0;N;0;0
BRA1950;25-06-1950;4;FGRUPOS;2;GBR;CHL;2;0;N;0;0;2;0;N;0;0
BRA1950;25-06-1950;5;FGRUPOS;2;ESP;USA;3;1;N;0;0;3;1;N;0;0
BRA1950;28-06-1950;6;FGRUPOS;1;YUG;MEX;4;1;N;0;0;4;1;N;0;0
BRA1950;28-06-1950;7;FGRUPOS;1;BRA;CHE;2;2;N;0;0;2;2;N;0;0
BRA1950;29-06-1950;8;FGRUPOS;3;SWE;PRY;2;2;N;0;0;2;2;N;0;0
BRA1950;29-06-1950;9;FGRUPOS;2;USA;GBR;1;0;N;0;0;1;0;N;0;0
BRA1950;29-06-1950;10;FGRUPOS;2;ESP;CHL;2;0;N;0;0;2;0;N;0;0
BRA1950;01-07-1950;11;FGRUPOS;1;BRA;YUG;2;0;N;0;0;2;0;N;0;0
BRA1950;02-07-1950;12;FGRUPOS;4;URY;BOL;8;0;N;0;0;8;0;N;0;0
BRA1950;02-07-1950;13;FGRUPOS;1;CHE;MEX;2;1;N;0;0;2;1;N;0;0
BRA1950;02-07-1950;14;FGRUPOS;2;ESP;GBR;1;0;N;0;0;1;0;N;0;0
BRA1950;02-07-1950;15;FGRUPOS;2;CHL;USA;5;2;N;0;0;5;2;N;0;0
BRA1950;02-07-1950;16;FGRUPOS;3;ITA;PRY;2;0;N;0;0;2;0;N;0;0
BRA1950;09-07-1950;17;FGRUPOS2;F;BRA;SWE;7;1;N;0;0;7;1;N;0;0
BRA1950;09-07-1950;18;FGRUPOS2;F;URY;ESP;2;2;N;0;0;2;2;N;0;0
BRA1950;13-07-1950;19;FGRUPOS2;F;URY;SWE;3;2;N;0;0;3;2;N;0;0
BRA1950;13-07-1950;20;FGRUPOS2;F;BRA;ESP;6;1;N;0;0;6;1;N;0;0
BRA1950;16-07-1950;21;FGRUPOS2;F;SWE;ESP;3;1;N;0;0;3;1;N;0;0
BRA1950;16-07-1950;22;FGRUPOS2;F;URY;BRA;2;1;N;0;0;2;1;N;0;0
BRA2014;12-06-2014;1;FGRUPOS;A;BRA;HRV;3;1;N;0;0;3;1;N;0;0
BRA2014;13-06-2014;2;FGRUPOS;A;MEX;CMR;1;0;N;0;0;1;0;N;0;0
BRA2014;13-06-2014;3;FGRUPOS;B;ESP;NLD;1;5;N;0;0;1;5;N;0;0
BRA2014;13-06-2014;4;FGRUPOS;B;CHL;AUS;3;1;N;0;0;3;1;N;0;0
BRA2014;14-06-2014;5;FGRUPOS;C;COL;GRC;3;0;N;0;0;3;0;N;0;0
BRA2014;14-06-2014;6;FGRUPOS;C;CIV;JPN;2;1;N;0;0;2;1;N;0;0
BRA2014;14-06-2014;7;FGRUPOS;D;URY;CRI;1;3;N;0;0;1;3;N;0;0
BRA2014;14-06-2014;8;FGRUPOS;D;GBR;ITA;1;2;N;0;0;1;2;N;0;0
BRA2014;15-06-2014;9;FGRUPOS;E;CHE;ECU;2;1;N;0;0;2;1;N;0;0
BRA2014;15-06-2014;10;FGRUPOS;E;FRA;HND;3;0;N;0;0;3;0;N;0;0
BRA2014;15-06-2014;11;FGRUPOS;F;ARG;BIH;2;1;N;0;0;2;1;N;0;0
BRA2014;16-06-2014;12;FGRUPOS;F;IRN;NGA;0;0;N;0;0;0;0;N;0;0
BRA2014;16-06-2014;13;FGRUPOS;G;DEU;PRT;4;0;N;0;0;4;0;N;0;0
BRA2014;16-06-2014;14;FGRUPOS;G;GHA;USA;1;2;N;0;0;1;2;N;0;0
BRA2014;17-06-2014;15;FGRUPOS;H;BEL;DZA;2;1;N;0;0;2;1;N;0;0
BRA2014;17-06-2014;16;FGRUPOS;H;RUS;KOR;1;1;N;0;0;1;1;N;0;0
BRA2014;17-06-2014;17;FGRUPOS;A;BRA;MEX;0;0;N;0;0;0;0;N;0;0
BRA2014;18-06-2014;18;FGRUPOS;A;CMR;HRV;0;4;N;0;0;0;4;N;0;0
BRA2014;18-06-2014;19;FGRUPOS;B;ESP;CHL;0;2;N;0;0;0;2;N;0;0
BRA2014;18-06-2014;20;FGRUPOS;B;AUS;NLD;2;3;N;0;0;2;3;N;0;0
BRA2014;19-06-2014;21;FGRUPOS;C;COL;CIV;2;1;N;0;0;2;1;N;0;0
BRA2014;19-06-2014;22;FGRUPOS;C;JPN;GRC;0;0;N;0;0;0;0;N;0;0
BRA2014;19-06-2014;23;FGRUPOS;D;URY;GBR;2;1;N;0;0;2;1;N;0;0
BRA2014;20-06-2014;24;FGRUPOS;D;ITA;CRI;0;1;N;0;0;0;1;N;0;0
BRA2014;20-06-2014;25;FGRUPOS;E;CHE;FRA;2;5;N;0;0;2;5;N;0;0
BRA2014;20-06-2014;26;FGRUPOS;E;HND;ECU;1;2;N;0;0;1;2;N;0;0
BRA2014;21-06-2014;27;FGRUPOS;F;ARG;IRN;1;0;N;0;0;1;0;N;0;0
BRA2014;21-06-2014;28;FGRUPOS;F;NGA;BIH;1;0;N;0;0;1;0;N;0;0
BRA2014;21-06-2014;29;FGRUPOS;G;DEU;GHA;2;2;N;0;0;2;2;N;0;0
BRA2014;22-06-2014;30;FGRUPOS;G;USA;PRT;2;2;N;0;0;2;2;N;0;0
BRA2014;22-06-2014;31;FGRUPOS;H;BEL;RUS;1;0;N;0;0;1;0;N;0;0
BRA2014;22-06-2014;32;FGRUPOS;H;KOR;DZA;2;4;N;0;0;2;4;N;0;0
BRA2014;23-06-2014;33;FGRUPOS;A;CMR;BRA;1;4;N;0;0;1;4;N;0;0
BRA2014;23-06-2014;34;FGRUPOS;A;HRV;MEX;1;3;N;0;0;1;3;N;0;0
BRA2014;23-06-2014;35;FGRUPOS;B;AUS;ESP;0;3;N;0;0;0;3;N;0;0
BRA2014;23-06-2014;36;FGRUPOS;B;NLD;CHL;2;0;N;0;0;2;0;N;0;0
BRA2014;24-06-2014;37;FGRUPOS;C;JPN;COL;1;4;N;0;0;1;4;N;0;0
BRA2014;24-06-2014;38;FGRUPOS;C;GRC;CIV;2;1;N;0;0;2;1;N;0;0
BRA2014;24-06-2014;39;FGRUPOS;D;ITA;URY;0;1;N;0;0;0;1;N;0;0
BRA2014;24-06-2014;40;FGRUPOS;D;CRI;GBR;0;0;N;0;0;0;0;N;0;0
BRA2014;25-06-2014;41;FGRUPOS;E;HND;CHE;0;3;N;0;0;0;3;N;0;0
BRA2014;25-06-2014;42;FGRUPOS;E;ECU;FRA;0;0;N;0;0;0;0;N;0;0
BRA2014;25-06-2014;43;FGRUPOS;F;NGA;ARG;2;3;N;0;0;2;3;N;0;0
BRA2014;25-06-2014;44;FGRUPOS;F;BIH;IRN;3;1;N;0;0;3;1;N;0;0
BRA2014;26-06-2014;45;FGRUPOS;G;USA;DEU;0;1;N;0;0;0;1;N;0;0
BRA2014;26-06-2014;46;FGRUPOS;G;PRT;GHA;2;1;N;0;0;2;1;N;0;0
BRA2014;26-06-2014;47;FGRUPOS;H;KOR;BEL;0;1;N;0;0;0;1;N;0;0
BRA2014;26-06-2014;48;FGRUPOS;H;DZA;RUS;1;1;N;0;0;1;1;N;0;0
BRA2014;28-06-2014;49;OCTAVOS;;BRA;CHL;1;1;S;0;0;1;1;S;3;2
BRA2014;28-06-2014;50;OCTAVOS;;COL;URY;2;0;N;0;0;2;0;N;0;0
BRA2014;29-06-2014;51;OCTAVOS;;NLD;MEX;2;1;N;0;0;2;1;N;0;0
BRA2014;29-06-2014;52;OCTAVOS;;CRI;GRC;1;1;S;0;0;1;1;S;5;3
BRA2014;30-06-2014;53;OCTAVOS;;FRA;NGA;2;0;N;0;0;2;0;N;0;0
BRA2014;30-06-2014;54;OCTAVOS;;DEU;DZA;0;0;S;2;1;2;1;N;0;0
BRA2014;01-07-2014;55;OCTAVOS;;ARG;CHE;0;0;S;1;0;1;0;N;0;0
BRA2014;01-07-2014;56;OCTAVOS;;BEL;USA;0;0;S;2;1;2;1;N;0;0
BRA2014;04-07-2014;57;CUARTOS;;BRA;COL;2;1;N;0;0;2;1;N;0;0
BRA2014;04-07-2014;58;CUARTOS;;FRA;DEU;0;1;N;0;0;0;1;N;0;0
BRA2014;05-07-2014;59;CUARTOS;;NLD;CRI;0;0;S;0;0;0;0;S;4;3
BRA2014;05-07-2014;60;CUARTOS;;ARG;BEL;1;0;N;0;0;1;0;N;0;0
BRA2014;08-07-2014;61;SEMI;;BRA;DEU;1;7;N;0;0;1;7;N;0;0
BRA2014;09-07-2014;62;SEMI;;NLD;ARG;0;0;S;0;0;0;0;S;2;4
BRA2014;12-07-2014;63;3LUGAR;;BRA;NLD;0;3;N;0;0;0;3;N;0;0
BRA2014;13-07-2014;64;FINAL;;DEU;ARG;0;0;S;1;0;1;0;N;0;0
CHE1954;16-06-1954;1;FGRUPOS;1;YUG;FRA;1;0;N;0;0;1;0;N;0;0
CHE1954;16-06-1954;2;FGRUPOS;3;AUT;SCT;1;0;N;0;0;1;0;N;0;0
CHE1954;16-06-1954;3;FGRUPOS;3;URY;CSK;2;0;N;0;0;2;0;N;0;0
CHE1954;16-06-1954;4;FGRUPOS;1;BRA;MEX;5;0;N;0;0;5;0;N;0;0
CHE1954;17-06-1954;5;FGRUPOS;2;HUN;KOR;9;0;N;0;0;9;0;N;0;0
CHE1954;17-06-1954;6;FGRUPOS;4;GBR;BEL;3;3;S;1;1;4;4;N;0;0
CHE1954;17-06-1954;7;FGRUPOS;2;RFA;TUR;4;1;N;0;0;4;1;N;0;0
CHE1954;17-06-1954;8;FGRUPOS;4;CHE;ITA;2;1;N;0;0;2;1;N;0;0
CHE1954;19-06-1954;9;FGRUPOS;1;FRA;MEX;3;2;N;0;0;3;2;N;0;0
CHE1954;19-06-1954;10;FGRUPOS;1;BRA;YUG;1;1;S;0;0;1;1;N;0;0
CHE1954;19-06-1954;11;FGRUPOS;3;AUT;CSK;5;0;N;0;0;5;0;N;0;0
CHE1954;19-06-1954;12;FGRUPOS;3;URY;SCT;7;0;N;0;0;7;0;N;0;0
CHE1954;20-06-1954;13;FGRUPOS;2;HUN;RFA;8;3;N;0;0;8;3;N;0;0
CHE1954;20-06-1954;14;FGRUPOS;2;TUR;KOR;7;0;N;0;0;7;0;N;0;0
CHE1954;20-06-1954;15;FGRUPOS;4;GBR;CHE;2;0;N;0;0;2;0;N;0;0
CHE1954;20-06-1954;16;FGRUPOS;4;ITA;BEL;4;1;N;0;0;4;1;N;0;0
CHE1954;23-06-1954;17;FGRUPOS;4;CHE;ITA;4;1;N;0;0;4;1;N;0;0
CHE1954;23-06-1954;18;FGRUPOS;2;RFA;TUR;7;2;N;0;0;7;2;N;0;0
CHE1954;26-06-1954;19;CUARTOS;;URY;GBR;4;2;N;0;0;4;2;N;0;0
CHE1954;26-06-1954;20;CUARTOS;;AUT;CHE;7;5;N;0;0;7;5;N;0;0
CHE1954;27-06-1954;21;CUARTOS;;HUN;BRA;4;2;N;0;0;4;2;N;0;0
CHE1954;27-06-1954;22;CUARTOS;;RFA;YUG;2;0;N;0;0;2;0;N;0;0
CHE1954;30-06-1954;23;SEMI;;HUN;URY;2;2;S;2;0;4;2;N;0;0
CHE1954;30-06-1954;24;SEMI;;RFA;AUT;6;1;N;0;0;6;1;N;0;0
CHE1954;03-07-1954;25;3LUGAR;;URY;AUT;1;3;N;0;0;1;3;N;0;0
CHE1954;04-07-1954;26;FINAL;;HUN;RFA;2;3;N;0;0;2;3;N;0;0
CHL1962;30-05-1962;1;FGRUPOS;1;URY;COL;2;1;N;0;0;2;1;N;0;0
CHL1962;30-05-1962;2;FGRUPOS;3;BRA;MEX;2;0;N;0;0;2;0;N;0;0
CHL1962;30-05-1962;3;FGRUPOS;2;CHL;CHE;3;1;N;0;0;3;1;N;0;0
CHL1962;30-05-1962;4;FGRUPOS;4;ARG;BGR;1;0;N;0;0;1;0;N;0;0
CHL1962;31-05-1962;5;FGRUPOS;3;CSK;ESP;1;0;N;0;0;1;0;N;0;0
CHL1962;31-05-1962;6;FGRUPOS;1;SUN;YUG;2;0;N;0;0;2;0;N;0;0
CHL1962;31-05-1962;7;FGRUPOS;4;HUN;GBR;2;1;N;0;0;2;1;N;0;0
CHL1962;31-05-1962;8;FGRUPOS;2;RFA;ITA;0;0;N;0;0;0;0;N;0;0
CHL1962;02-06-1962;9;FGRUPOS;2;CHL;ITA;2;0;N;0;0;2;0;N;0;0
CHL1962;02-06-1962;10;FGRUPOS;3;BRA;CSK;0;0;N;0;0;0;0;N;0;0
CHL1962;02-06-1962;11;FGRUPOS;1;YUG;URY;3;1;N;0;0;3;1;N;0;0
CHL1962;02-06-1962;12;FGRUPOS;4;GBR;ARG;3;1;N;0;0;3;1;N;0;0
CHL1962;03-06-1962;13;FGRUPOS;4;HUN;BGR;6;1;N;0;0;6;1;N;0;0
CHL1962;03-06-1962;14;FGRUPOS;1;SUN;COL;4;4;N;0;0;4;4;N;0;0
CHL1962;03-06-1962;15;FGRUPOS;3;ESP;MEX;1;0;N;0;0;1;0;N;0;0
CHL1962;03-06-1962;16;FGRUPOS;2;RFA;CHE;2;1;N;0;0;2;1;N;0;0
CHL1962;06-06-1962;17;FGRUPOS;2;RFA;CHL;2;0;N;0;0;2;0;N;0;0
CHL1962;06-06-1962;18;FGRUPOS;4;HUN;ARG;0;0;N;0;0;0;0;N;0;0
CHL1962;06-06-1962;19;FGRUPOS;1;SUN;URY;2;1;N;0;0;2;1;N;0;0
CHL1962;06-06-1962;20;FGRUPOS;3;BRA;ESP;2;1;N;0;0;2;1;N;0;0
CHL1962;07-06-1962;21;FGRUPOS;1;YUG;COL;5;0;N;0;0;5;0;N;0;0
CHL1962;07-06-1962;22;FGRUPOS;3;MEX;CSK;3;1;N;0;0;3;1;N;0;0
CHL1962;07-06-1962;23;FGRUPOS;2;ITA;CHE;3;0;N;0;0;3;0;N;0;0
CHL1962;07-06-1962;24;FGRUPOS;4;GBR;BGR;0;0;N;0;0;0;0;N;0;0
CHL1962;10-06-1962;25;CUARTOS;;BRA;GBR;3;1;N;0;0;3;1;N;0;0
CHL1962;10-06-1962;26;CUARTOS;;CSK;HUN;1;0;N;0;0;1;0;N;0;0
CHL1962;10-06-1962;27;CUARTOS;;YUG;RFA;1;0;N;0;0;1;0;N;0;0
CHL1962;10-06-1962;28;CUARTOS;;CHL;SUN;2;1;N;0;0;2;1;N;0;0
CHL1962;13-06-1962;29;SEMI;;YUG;CSK;1;3;N;0;0;1;3;N;0;0
CHL1962;13-06-1962;30;SEMI;;CHL;BRA;2;4;N;0;0;2;4;N;0;0
CHL1962;16-06-1962;31;3LUGAR;;CHL;YUG;1;0;N;0;0;1;0;N;0;0
CHL1962;17-06-1962;32;FINAL;;BRA;CSK;3;1;N;0;0;3;1;N;0;0
DEU2006;09-06-2006;1;FGRUPOS;A;DEU;CRI;4;2;N;0;0;4;2;N;0;0
DEU2006;09-06-2006;2;FGRUPOS;A;POL;ECU;0;2;N;0;0;0;2;N;0;0
DEU2006;10-06-2006;3;FGRUPOS;B;GBR;PRY;1;0;N;0;0;1;0;N;0;0
DEU2006;10-06-2006;4;FGRUPOS;B;TTO;SWE;0;0;N;0;0;0;0;N;0;0
DEU2006;10-06-2006;5;FGRUPOS;C;ARG;CIV;2;1;N;0;0;2;1;N;0;0
DEU2006;11-06-2006;6;FGRUPOS;C;SCG;NLD;0;1;N;0;0;0;1;N;0;0
DEU2006;11-06-2006;7;FGRUPOS;D;MEX;IRN;3;1;N;0;0;3;1;N;0;0
DEU2006;11-06-2006;8;FGRUPOS;D;AGO;PRT;0;1;N;0;0;0;1;N;0;0
DEU2006;12-06-2006;9;FGRUPOS;E;ITA;GHA;2;0;N;0;0;2;0;N;0;0
DEU2006;12-06-2006;10;FGRUPOS;E;USA;CZE;0;3;N;0;0;0;3;N;0;0
DEU2006;12-06-2006;11;FGRUPOS;F;AUS;JPN;3;1;N;0;0;3;1;N;0;0
DEU2006;13-06-2006;12;FGRUPOS;F;BRA;HRV;1;0;N;0;0;1;0;N;0;0
DEU2006;13-06-2006;13;FGRUPOS;G;FRA;CHE;0;0;N;0;0;0;0;N;0;0
DEU2006;13-06-2006;14;FGRUPOS;G;KOR;TGO;2;1;N;0;0;2;1;N;0;0
DEU2006;14-06-2006;15;FGRUPOS;H;ESP;UKR;4;0;N;0;0;4;0;N;0;0
DEU2006;14-06-2006;16;FGRUPOS;H;TUN;SAU;2;2;N;0;0;2;2;N;0;0
DEU2006;14-06-2006;17;FGRUPOS;A;DEU;POL;1;0;N;0;0;1;0;N;0;0
DEU2006;15-06-2006;18;FGRUPOS;A;ECU;CRI;3;0;N;0;0;3;0;N;0;0
DEU2006;15-06-2006;19;FGRUPOS;B;GBR;TTO;2;0;N;0;0;2;0;N;0;0
DEU2006;15-06-2006;20;FGRUPOS;B;SWE;PRY;1;0;N;0;0;1;0;N;0;0
DEU2006;16-06-2006;21;FGRUPOS;C;ARG;SCG;6;0;N;0;0;6;0;N;0;0
DEU2006;16-06-2006;22;FGRUPOS;C;NLD;CIV;2;1;N;0;0;2;1;N;0;0
DEU2006;16-06-2006;23;FGRUPOS;D;MEX;AGO;0;0;N;0;0;0;0;N;0;0
DEU2006;17-06-2006;24;FGRUPOS;D;PRT;IRN;2;0;N;0;0;2;0;N;0;0
DEU2006;17-06-2006;25;FGRUPOS;E;ITA;USA;1;1;N;0;0;1;1;N;0;0
DEU2006;17-06-2006;26;FGRUPOS;E;CZE;GHA;0;2;N;0;0;0;2;N;0;0
DEU2006;18-06-2006;27;FGRUPOS;F;BRA;AUS;2;0;N;0;0;2;0;N;0;0
DEU2006;18-06-2006;28;FGRUPOS;F;JPN;HRV;0;0;N;0;0;0;0;N;0;0
DEU2006;18-06-2006;29;FGRUPOS;G;FRA;KOR;1;1;N;0;0;1;1;N;0;0
DEU2006;19-06-2006;30;FGRUPOS;G;TGO;CHE;0;2;N;0;0;0;2;N;0;0
DEU2006;19-06-2006;31;FGRUPOS;H;ESP;TUN;3;1;N;0;0;3;1;N;0;0
DEU2006;19-06-2006;32;FGRUPOS;H;SAU;UKR;0;4;N;0;0;0;4;N;0;0
DEU2006;20-06-2006;33;FGRUPOS;A;ECU;DEU;0;3;N;0;0;0;3;N;0;0
DEU2006;20-06-2006;34;FGRUPOS;A;CRI;POL;1;2;N;0;0;1;2;N;0;0
DEU2006;20-06-2006;35;FGRUPOS;B;SWE;GBR;2;2;N;0;0;2;2;N;0;0
DEU2006;20-06-2006;36;FGRUPOS;B;PRY;TTO;2;0;N;0;0;2;0;N;0;0
DEU2006;21-06-2006;37;FGRUPOS;C;NLD;ARG;0;0;N;0;0;0;0;N;0;0
DEU2006;21-06-2006;38;FGRUPOS;C;CIV;SCG;3;2;N;0;0;3;2;N;0;0
DEU2006;21-06-2006;39;FGRUPOS;D;PRT;MEX;2;1;N;0;0;2;1;N;0;0
DEU2006;21-06-2006;40;FGRUPOS;D;IRN;AGO;1;1;N;0;0;1;1;N;0;0
DEU2006;22-06-2006;41;FGRUPOS;E;CZE;ITA;0;2;N;0;0;0;2;N;0;0
DEU2006;22-06-2006;42;FGRUPOS;E;GHA;USA;2;1;N;0;0;2;1;N;0;0
DEU2006;22-06-2006;43;FGRUPOS;F;JPN;BRA;1;4;N;0;0;1;4;N;0;0
DEU2006;22-06-2006;44;FGRUPOS;F;HRV;AUS;2;2;N;0;0;2;2;N;0;0
DEU2006;23-06-2006;45;FGRUPOS;G;TGO;FRA;0;2;N;0;0;0;2;N;0;0
DEU2006;23-06-2006;46;FGRUPOS;G;CHE;KOR;2;0;N;0;0;2;0;N;0;0
DEU2006;23-06-2006;47;FGRUPOS;H;SAU;ESP;0;1;N;0;0;0;1;N;0;0
DEU2006;23-06-2006;48;FGRUPOS;H;UKR;TUN;1;0;N;0;0;1;0;N;0;0
DEU2006;24-06-2006;49;OCTAVOS;;DEU;SWE;2;0;N;0;0;2;0;N;0;0
DEU2006;24-06-2006;50;OCTAVOS;;ARG;MEX;1;1;S;1;0;2;1;N;0;0
DEU2006;25-06-2006;51;OCTAVOS;;GBR;ECU;1;0;N;0;0;1;0;N;0;0
DEU2006;25-06-2006;52;OCTAVOS;;PRT;NLD;1;0;N;0;0;1;0;N;0;0
DEU2006;26-06-2006;53;OCTAVOS;;ITA;AUS;1;0;N;0;0;1;0;N;0;0
DEU2006;26-06-2006;54;OCTAVOS;;CHE;UKR;0;0;S;0;0;0;0;S;0;3
DEU2006;27-06-2006;55;OCTAVOS;;BRA;GHA;3;0;N;0;0;3;0;N;0;0
DEU2006;27-06-2006;56;OCTAVOS;;ESP;FRA;1;3;N;0;0;1;3;N;0;0
DEU2006;30-06-2006;57;CUARTOS;;DEU;ARG;1;1;S;0;0;1;1;S;4;2
DEU2006;30-06-2006;58;CUARTOS;;ITA;UKR;3;0;N;0;0;3;0;N;0;0
DEU2006;01-07-2006;59;CUARTOS;;GBR;PRT;0;0;S;0;0;0;0;S;1;3
DEU2006;01-07-2006;60;CUARTOS;;BRA;FRA;0;1;N;0;0;0;1;N;0;0
DEU2006;04-07-2006;61;SEMI;;DEU;ITA;0;0;S;0;2;0;2;N;0;0
DEU2006;05-07-2006;62;SEMI;;PRT;FRA;0;1;N;0;0;0;1;N;0;0
DEU2006;08-07-2006;63;3LUGAR;;DEU;PRT;3;1;N;0;0;3;1;N;0;0
DEU2006;09-07-2006;64;FINAL;;ITA;FRA;1;1;S;0;0;1;1;S;5;3
ESP1982;13-06-1982;1;FGRUPOS;C;ARG;BEL;0;1;N;0;0;0;1;N;0;0
ESP1982;14-06-1982;2;FGRUPOS;F;BRA;SUN;2;1;N;0;0;2;1;N;0;0
ESP1982;14-06-1982;3;FGRUPOS;A;ITA;POL;0;0;N;0;0;0;0;N;0;0
ESP1982;15-06-1982;4;FGRUPOS;A;PER;CMR;0;0;N;0;0;0;0;N;0;0
ESP1982;15-06-1982;5;FGRUPOS;F;SCT;NZL;5;2;N;0;0;5;2;N;0;0
ESP1982;15-06-1982;6;FGRUPOS;C;HUN;SLV;10;1;N;0;0;10;1;N;0;0
ESP1982;16-06-1982;7;FGRUPOS;B;RFA;DZA;1;2;N;0;0;1;2;N;0;0
ESP1982;16-06-1982;8;FGRUPOS;E;ESP;HND;1;1;N;0;0;1;1;N;0;0
ESP1982;16-06-1982;9;FGRUPOS;D;GBR;FRA;3;1;N;0;0;3;1;N;0;0
ESP1982;17-06-1982;10;FGRUPOS;D;CSK;KWT;1;1;N;0;0;1;1;N;0;0
ESP1982;17-06-1982;11;FGRUPOS;E;YUG;NIR;0;0;N;0;0;0;0;N;0;0
ESP1982;17-06-1982;12;FGRUPOS;B;CHL;AUT;0;1;N;0;0;0;1;N;0;0
ESP1982;18-06-1982;13;FGRUPOS;C;ARG;HUN;4;1;N;0;0;4;1;N;0;0
ESP1982;18-06-1982;14;FGRUPOS;A;ITA;PER;1;1;N;0;0;1;1;N;0;0
ESP1982;18-06-1982;15;FGRUPOS;F;BRA;SCT;4;1;N;0;0;4;1;N;0;0
ESP1982;19-06-1982;16;FGRUPOS;A;POL;CMR;0;0;N;0;0;0;0;N;0;0
ESP1982;19-06-1982;17;FGRUPOS;C;BEL;SLV;1;0;N;0;0;1;0;N;0;0
ESP1982;19-06-1982;18;FGRUPOS;F;SUN;NZL;3;0;N;0;0;3;0;N;0;0
ESP1982;20-06-1982;19;FGRUPOS;E;ESP;YUG;2;1;N;0;0;2;1;N;0;0
ESP1982;20-06-1982;20;FGRUPOS;D;GBR;CSK;2;0;N;0;0;2;0;N;0;0
ESP1982;20-06-1982;21;FGRUPOS;B;RFA;CHL;4;1;N;0;0;4;1;N;0;0
ESP1982;21-06-1982;22;FGRUPOS;E;HND;NIR;1;1;N;0;0;1;1;N;0;0
ESP1982;21-06-1982;23;FGRUPOS;D;FRA;KWT;4;1;N;0;0;4;1;N;0;0
ESP1982;21-06-1982;24;FGRUPOS;B;DZA;AUT;0;2;N;0;0;0;2;N;0;0
ESP1982;22-06-1982;25;FGRUPOS;F;SUN;SCT;2;2;N;0;0;2;2;N;0;0
ESP1982;22-06-1982;26;FGRUPOS;C;BEL;HUN;1;1;N;0;0;1;1;N;0;0
ESP1982;22-06-1982;27;FGRUPOS;A;POL;PER;5;1;N;0;0;5;1;N;0;0
ESP1982;23-06-1982;28;FGRUPOS;A;ITA;CMR;1;1;N;0;0;1;1;N;0;0
ESP1982;23-06-1982;29;FGRUPOS;C;ARG;SLV;2;0;N;0;0;2;0;N;0;0
ESP1982;23-06-1982;30;FGRUPOS;F;BRA;NZL;4;0;N;0;0;4;0;N;0;0
ESP1982;24-06-1982;31;FGRUPOS;E;HND;YUG;0;1;N;0;0;0;1;N;0;0
ESP1982;24-06-1982;32;FGRUPOS;D;FRA;CSK;1;1;N;0;0;1;1;N;0;0
ESP1982;24-06-1982;33;FGRUPOS;B;DZA;CHL;3;2;N;0;0;3;2;N;0;0
ESP1982;25-06-1982;34;FGRUPOS;E;NIR;ESP;1;0;N;0;0;1;0;N;0;0
ESP1982;25-06-1982;35;FGRUPOS;B;RFA;AUT;1;0;N;0;0;1;0;N;0;0
ESP1982;25-06-1982;36;FGRUPOS;D;GBR;KWT;1;0;N;0;0;1;0;N;0;0
ESP1982;28-06-1982;37;FGRUPOS2;4;AUT;FRA;0;1;N;0;0;0;1;N;0;0
ESP1982;28-06-1982;38;FGRUPOS2;1;POL;BEL;3;0;N;0;0;3;0;N;0;0
ESP1982;29-06-1982;39;FGRUPOS2;2;RFA;GBR;0;0;N;0;0;0;0;N;0;0
ESP1982;29-06-1982;40;FGRUPOS2;3;ITA;ARG;2;1;N;0;0;2;1;N;0;0
ESP1982;01-07-1982;41;FGRUPOS2;1;BEL;SUN;0;1;N;0;0;0;1;N;0;0
ESP1982;01-07-1982;42;FGRUPOS2;4;AUT;NIR;2;2;N;0;0;2;2;N;0;0
ESP1982;02-07-1982;43;FGRUPOS2;3;ARG;BRA;1;3;N;0;0;1;3;N;0;0
ESP1982;02-07-1982;44;FGRUPOS2;2;RFA;ESP;2;1;N;0;0;2;1;N;0;0
ESP1982;04-07-1982;45;FGRUPOS2;4;FRA;NIR;4;1;N;0;0;4;1;N;0;0
ESP1982;04-07-1982;46;FGRUPOS2;1;POL;SUN;0;0;N;0;0;0;0;N;0;0
ESP1982;05-07-1982;47;FGRUPOS2;3;ITA;BRA;3;2;N;0;0;3;2;N;0;0
ESP1982;05-07-1982;48;FGRUPOS2;2;ESP;GBR;0;0;N;0;0;0;0;N;0;0
ESP1982;08-07-1982;49;SEMI;;RFA;FRA;1;1;S;2;2;3;3;S;5;4
ESP1982;08-07-1982;50;SEMI;;POL;ITA;0;2;N;0;0;0;2;N;0;0
ESP1982;10-07-1982;51;3LUGAR;;POL;FRA;3;2;N;0;0;3;2;N;0;0
ESP1982;11-07-1982;52;FINAL;;ITA;RFA;3;1;N;0;0;3;1;N;0;0
FRA1938;04-06-1938;1;OCTAVOS;;CHE;DEU;1;1;S;0;0;1;1;N;0;0
FRA1938;05-06-1938;2;OCTAVOS;;FRA;BEL;3;1;N;0;0;3;1;N;0;0
FRA1938;05-06-1938;3;OCTAVOS;;ITA;NOR;1;1;S;1;0;2;1;N;0;0
FRA1938;05-06-1938;4;OCTAVOS;;BRA;POL;4;4;S;2;1;6;5;N;0;0
FRA1938;05-06-1938;5;OCTAVOS;;HUN;VOC;6;0;N;0;0;6;0;N;0;0
FRA1938;05-06-1938;6;OCTAVOS;;CSK;NLD;0;0;S;3;0;3;0;N;0;0
FRA1938;05-06-1938;7;OCTAVOS;;CUB;ROU;2;2;S;1;1;3;3;N;0;0
FRA1938;09-06-1938;8;OCTAVOS;;CHE;DEU;4;2;N;0;0;4;2;N;0;0
FRA1938;09-06-1938;9;OCTAVOS;;CUB;ROU;2;1;N;0;0;2;1;N;0;0
FRA1938;12-06-1938;10;CUARTOS;;CUB;SWE;0;8;N;0;0;0;8;N;0;0
FRA1938;12-06-1938;11;CUARTOS;;ITA;FRA;3;1;N;0;0;3;1;N;0;0
FRA1938;12-06-1938;12;CUARTOS;;HUN;CHE;2;0;N;0;0;2;0;N;0;0
FRA1938;12-06-1938;13;CUARTOS;;BRA;CSK;1;1;S;0;0;1;1;N;0;0
FRA1938;14-06-1938;14;CUARTOS;;BRA;CSK;2;1;N;0;0;2;1;N;0;0
FRA1938;16-06-1938;15;SEMI;;HUN;SWE;5;1;N;0;0;5;1;N;0;0
FRA1938;16-06-1938;16;SEMI;;BRA;ITA;1;2;N;0;0;1;2;N;0;0
FRA1938;19-06-1938;17;3LUGAR;;BRA;SWE;4;2;N;0;0;4;2;N;0;0
FRA1938;19-06-1938;18;FINAL;;ITA;HUN;4;2;N;0;0;4;2;N;0;0
FRA1998;10-06-1998;1;FGRUPOS;A;BRA;SCT;2;1;N;0;0;2;1;N;0;0
FRA1998;10-06-1998;2;FGRUPOS;A;MAR;NOR;2;2;N;0;0;2;2;N;0;0
FRA1998;11-06-1998;3;FGRUPOS;B;CMR;AUT;1;1;N;0;0;1;1;N;0;0
FRA1998;11-06-1998;4;FGRUPOS;B;ITA;CHL;2;2;N;0;0;2;2;N;0;0
FRA1998;12-06-1998;5;FGRUPOS;C;SAU;DNK;0;1;N;0;0;0;1;N;0;0
FRA1998;12-06-1998;6;FGRUPOS;C;FRA;ZAF;3;0;N;0;0;3;0;N;0;0
FRA1998;12-06-1998;7;FGRUPOS;D;PRY;BGR;0;0;N;0;0;0;0;N;0;0
FRA1998;13-06-1998;8;FGRUPOS;E;NLD;BEL;0;0;N;0;0;0;0;N;0;0
FRA1998;13-06-1998;9;FGRUPOS;E;KOR;MEX;1;3;N;0;0;1;3;N;0;0
FRA1998;13-06-1998;10;FGRUPOS;D;ESP;NGA;2;3;N;0;0;2;3;N;0;0
FRA1998;14-06-1998;11;FGRUPOS;H;JAM;HRV;1;3;N;0;0;1;3;N;0;0
FRA1998;14-06-1998;12;FGRUPOS;F;YUG;IRN;1;0;N;0;0;1;0;N;0;0
FRA1998;14-06-1998;13;FGRUPOS;H;ARG;JPN;1;0;N;0;0;1;0;N;0;0
FRA1998;15-06-1998;14;FGRUPOS;F;DEU;USA;2;0;N;0;0;2;0;N;0;0
FRA1998;15-06-1998;15;FGRUPOS;G;ROU;COL;1;0;N;0;0;1;0;N;0;0
FRA1998;15-06-1998;16;FGRUPOS;G;GBR;TUN;2;0;N;0;0;2;0;N;0;0
FRA1998;16-06-1998;17;FGRUPOS;A;SCT;NOR;1;1;N;0;0;1;1;N;0;0
FRA1998;16-06-1998;18;FGRUPOS;A;BRA;MAR;3;0;N;0;0;3;0;N;0;0
FRA1998;17-06-1998;19;FGRUPOS;B;CHL;AUT;1;1;N;0;0;1;1;N;0;0
FRA1998;17-06-1998;20;FGRUPOS;B;ITA;CMR;3;0;N;0;0;3;0;N;0;0
FRA1998;18-06-1998;21;FGRUPOS;C;FRA;SAU;4;0;N;0;0;4;0;N;0;0
FRA1998;18-06-1998;22;FGRUPOS;C;ZAF;DNK;1;1;N;0;0;1;1;N;0;0
FRA1998;19-06-1998;23;FGRUPOS;D;NGA;BGR;1;0;N;0;0;1;0;N;0;0
FRA1998;19-06-1998;24;FGRUPOS;D;ESP;PRY;0;0;N;0;0;0;0;N;0;0
FRA1998;20-06-1998;25;FGRUPOS;E;NLD;KOR;5;0;N;0;0;5;0;N;0;0
FRA1998;20-06-1998;26;FGRUPOS;E;BEL;MEX;2;2;N;0;0;2;2;N;0;0
FRA1998;20-06-1998;27;FGRUPOS;H;JPN;HRV;0;1;N;0;0;0;1;N;0;0
FRA1998;21-06-1998;28;FGRUPOS;H;ARG;JAM;5;0;N;0;0;5;0;N;0;0
FRA1998;21-06-1998;29;FGRUPOS;F;DEU;YUG;2;2;N;0;0;2;2;N;0;0
FRA1998;21-06-1998;30;FGRUPOS;F;USA;IRN;1;2;N;0;0;1;2;N;0;0
FRA1998;22-06-1998;31;FGRUPOS;G;COL;TUN;1;0;N;0;0;1;0;N;0;0
FRA1998;22-06-1998;32;FGRUPOS;G;ROU;GBR;2;1;N;0;0;2;1;N;0;0
FRA1998;23-06-1998;33;FGRUPOS;B;ITA;AUT;2;1;N;0;0;2;1;N;0;0
FRA1998;23-06-1998;34;FGRUPOS;A;SCT;MAR;0;3;N;0;0;0;3;N;0;0
FRA1998;23-06-1998;35;FGRUPOS;A;BRA;NOR;1;2;N;0;0;1;2;N;0;0
FRA1998;23-06-1998;36;FGRUPOS;B;CHL;CMR;1;1;N;0;0;1;1;N;0;0
FRA1998;24-06-1998;37;FGRUPOS;D;ESP;BGR;6;1;N;0;0;6;1;N;0;0
FRA1998;24-06-1998;38;FGRUPOS;C;FRA;DNK;2;1;N;0;0;2;1;N;0;0
FRA1998;24-06-1998;39;FGRUPOS;D;NGA;PRY;1;3;N;0;0;1;3;N;0;0
FRA1998;24-06-1998;40;FGRUPOS;C;ZAF;SAU;2;2;N;0;0;2;2;N;0;0
FRA1998;25-06-1998;41;FGRUPOS;E;BEL;KOR;1;1;N;0;0;1;1;N;0;0
FRA1998;25-06-1998;42;FGRUPOS;E;NLD;MEX;2;2;N;0;0;2;2;N;0;0
FRA1998;25-06-1998;43;FGRUPOS;F;DEU;IRN;2;0;N;0;0;2;0;N;0;0
FRA1998;25-06-1998;44;FGRUPOS;F;USA;YUG;0;1;N;0;0;0;1;N;0;0
FRA1998;26-06-1998;45;FGRUPOS;G;ROU;TUN;1;1;N;0;0;1;1;N;0;0
FRA1998;26-06-1998;46;FGRUPOS;G;COL;GBR;0;2;N;0;0;0;2;N;0;0
FRA1998;26-06-1998;47;FGRUPOS;H;JPN;JAM;1;2;N;0;0;1;2;N;0;0
FRA1998;26-06-1998;48;FGRUPOS;H;ARG;HRV;1;0;N;0;0;1;0;N;0;0
FRA1998;27-06-1998;49;OCTAVOS;;BRA;CHL;4;1;N;0;0;4;1;N;0;0
FRA1998;27-06-1998;50;OCTAVOS;;ITA;NOR;1;0;N;0;0;1;0;N;0;0
FRA1998;28-06-1998;51;OCTAVOS;;NGA;DNK;1;4;N;0;0;1;4;N;0;0
FRA1998;28-06-1998;52;OCTAVOS;;FRA;PRY;0;0;S;1;0;1;0;N;0;0
FRA1998;29-06-1998;53;OCTAVOS;;DEU;MEX;2;1;N;0;0;2;1;N;0;0
FRA1998;29-06-1998;54;OCTAVOS;;NLD;YUG;2;1;N;0;0;2;1;N;0;0
FRA1998;30-06-1998;55;OCTAVOS;;ARG;GBR;2;2;S;0;0;2;2;S;4;3
FRA1998;30-06-1998;56;OCTAVOS;;ROU;HRV;0;1;N;0;0;0;1;N;0;0
FRA1998;03-07-1998;57;CUARTOS;;ITA;FRA;0;0;S;0;0;0;0;S;3;4
FRA1998;03-07-1998;58;CUARTOS;;BRA;DNK;3;2;N;0;0;3;2;N;0;0
FRA1998;04-07-1998;59;CUARTOS;;DEU;HRV;0;3;N;0;0;0;3;N;0;0
FRA1998;04-07-1998;60;CUARTOS;;NLD;ARG;2;1;N;0;0;2;1;N;0;0
FRA1998;07-07-1998;61;SEMI;;BRA;NLD;1;1;S;0;0;1;1;S;4;2
FRA1998;08-07-1998;62;SEMI;;FRA;HRV;2;1;N;0;0;2;1;N;0;0
FRA1998;11-07-1998;63;3LUGAR;;NLD;HRV;1;2;N;0;0;1;2;N;0;0
FRA1998;12-07-1998;64;FINAL;;BRA;FRA;0;3;N;0;0;0;3;N;0;0
GBR1966;11-07-1966;1;FGRUPOS;1;GBR;URY;0;0;N;0;0;0;0;N;0;0
GBR1966;12-07-1966;2;FGRUPOS;2;RFA;CHE;5;0;N;0;0;5;0;N;0;0
GBR1966;12-07-1966;3;FGRUPOS;4;SUN;PRK;3;0;N;0;0;3;0;N;0;0
GBR1966;12-07-1966;4;FGRUPOS;3;BRA;BGR;2;0;N;0;0;2;0;N;0;0
GBR1966;13-07-1966;5;FGRUPOS;1;FRA;MEX;1;1;N;0;0;1;1;N;0;0
GBR1966;13-07-1966;6;FGRUPOS;4;ITA;CHL;2;0;N;0;0;2;0;N;0;0
GBR1966;13-07-1966;7;FGRUPOS;3;PRT;HUN;3;1;N;0;0;3;1;N;0;0
GBR1966;13-07-1966;8;FGRUPOS;2;ARG;ESP;2;1;N;0;0;2;1;N;0;0
GBR1966;15-07-1966;9;FGRUPOS;1;URY;FRA;2;1;N;0;0;2;1;N;0;0
GBR1966;15-07-1966;10;FGRUPOS;3;HUN;BRA;3;1;N;0;0;3;1;N;0;0
GBR1966;15-07-1966;11;FGRUPOS;2;ESP;CHE;2;1;N;0;0;2;1;N;0;0
GBR1966;15-07-1966;12;FGRUPOS;4;PRK;CHL;1;1;N;0;0;1;1;N;0;0
GBR1966;16-07-1966;13;FGRUPOS;3;PRT;BGR;3;0;N;0;0;3;0;N;0;0
GBR1966;16-07-1966;14;FGRUPOS;2;RFA;ARG;0;0;N;0;0;0;0;N;0;0
GBR1966;16-07-1966;15;FGRUPOS;4;SUN;ITA;1;0;N;0;0;1;0;N;0;0
GBR1966;16-07-1966;16;FGRUPOS;1;GBR;MEX;2;0;N;0;0;2;0;N;0;0
GBR1966;19-07-1966;17;FGRUPOS;3;PRT;BRA;3;1;N;0;0;3;1;N;0;0
GBR1966;19-07-1966;18;FGRUPOS;1;URY;MEX;0;0;N;0;0;0;0;N;0;0
GBR1966;19-07-1966;19;FGRUPOS;2;ARG;CHE;2;0;N;0;0;2;0;N;0;0
GBR1966;19-07-1966;20;FGRUPOS;4;PRK;ITA;1;0;N;0;0;1;0;N;0;0
GBR1966;20-07-1966;21;FGRUPOS;1;GBR;FRA;2;0;N;0;0;2;0;N;0;0
GBR1966;20-07-1966;22;FGRUPOS;2;RFA;ESP;2;1;N;0;0;2;1;N;0;0
GBR1966;20-07-1966;23;FGRUPOS;4;SUN;CHL;2;1;N;0;0;2;1;N;0;0
GBR1966;20-07-1966;24;FGRUPOS;3;HUN;BGR;3;1;N;0;0;3;1;N;0;0
GBR1966;23-07-1966;25;CUARTOS;;PRT;PRK;5;3;N;0;0;5;3;N;0;0
GBR1966;23-07-1966;26;CUARTOS;;GBR;ARG;1;0;N;0;0;1;0;N;0;0
GBR1966;23-07-1966;27;CUARTOS;;RFA;URY;4;0;N;0;0;4;0;N;0;0
GBR1966;23-07-1966;28;CUARTOS;;SUN;HUN;2;1;N;0;0;2;1;N;0;0
GBR1966;25-07-1966;29;SEMI;;RFA;SUN;2;1;N;0;0;2;1;N;0;0
GBR1966;26-07-1966;30;SEMI;;GBR;PRT;2;1;N;0;0;2;1;N;0;0
GBR1966;28-07-1966;31;3LUGAR;;PRT;SUN;2;1;N;0;0;2;1;N;0;0
GBR1966;30-07-1966;32;FINAL;;GBR;RFA;2;2;S;2;0;4;2;N;0;0
ITA1934;27-05-1934;1;OCTAVOS;;DEU;BEL;5;2;N;0;0;5;2;N;0;0
ITA1934;27-05-1934;2;OCTAVOS;;SWE;ARG;3;2;N;0;0;3;2;N;0;0
ITA1934;27-05-1934;3;OCTAVOS;;ITA;USA;7;1;N;0;0;7;1;N;0;0
ITA1934;27-05-1934;4;OCTAVOS;;HUN;EGY;4;2;N;0;0;4;2;N;0;0
ITA1934;27-05-1934;5;OCTAVOS;;ESP;BRA;3;1;N;0;0;3;1;N;0;0
ITA1934;27-05-1934;6;OCTAVOS;;CSK;ROU;2;1;N;0;0;2;1;N;0;0
ITA1934;27-05-1934;7;OCTAVOS;;CHE;NLD;3;2;N;0;0;3;2;N;0;0
ITA1934;27-05-1934;8;OCTAVOS;;AUT;FRA;1;1;S;2;1;3;2;N;0;0
ITA1934;31-05-1934;9;CUARTOS;;CSK;CHE;3;2;N;0;0;3;2;N;0;0
ITA1934;31-05-1934;10;CUARTOS;;AUT;HUN;2;1;N;0;0;2;1;N;0;0
ITA1934;31-05-1934;11;CUARTOS;;DEU;SWE;2;1;N;0;0;2;1;N;0;0
ITA1934;31-05-1934;12;CUARTOS;;ITA;ESP;1;1;S;0;0;1;1;N;0;0
ITA1934;01-06-1934;13;CUARTOS;;ITA;ESP;1;0;N;0;0;1;0;N;0;0
ITA1934;03-06-1934;14;SEMI;;CSK;DEU;3;1;N;0;0;3;1;N;0;0
ITA1934;03-06-1934;15;SEMI;;ITA;AUT;1;0;N;0;0;1;0;N;0;0
ITA1934;07-06-1934;16;3LUGAR;;AUT;DEU;2;3;N;0;0;2;3;N;0;0
ITA1934;10-06-1934;17;FINAL;;ITA;CSK;1;1;S;1;0;2;1;N;0;0
ITA1990;08-06-1990;1;FGRUPOS;B;ARG;CMR;0;1;N;0;0;0;1;N;0;0
ITA1990;09-06-1990;2;FGRUPOS;B;SUN;ROU;0;2;N;0;0;0;2;N;0;0
ITA1990;09-06-1990;3;FGRUPOS;A;ITA;AUT;1;0;N;0;0;1;0;N;0;0
ITA1990;09-06-1990;4;FGRUPOS;D;ARE;COL;0;2;N;0;0;0;2;N;0;0
ITA1990;10-06-1990;5;FGRUPOS;A;USA;CSK;1;5;N;0;0;1;5;N;0;0
ITA1990;10-06-1990;6;FGRUPOS;C;BRA;SWE;2;1;N;0;0;2;1;N;0;0
ITA1990;10-06-1990;7;FGRUPOS;D;RFA;YUG;4;1;N;0;0;4;1;N;0;0
ITA1990;11-06-1990;8;FGRUPOS;C;CRI;SCT;1;0;N;0;0;1;0;N;0;0
ITA1990;11-06-1990;9;FGRUPOS;F;GBR;IRL;1;1;N;0;0;1;1;N;0;0
ITA1990;12-06-1990;10;FGRUPOS;E;BEL;KOR;2;0;N;0;0;2;0;N;0;0
ITA1990;12-06-1990;11;FGRUPOS;F;NLD;EGY;1;1;N;0;0;1;1;N;0;0
ITA1990;13-06-1990;12;FGRUPOS;E;URY;ESP;0;0;N;0;0;0;0;N;0;0
ITA1990;13-06-1990;13;FGRUPOS;B;ARG;SUN;2;0;N;0;0;2;0;N;0;0
ITA1990;14-06-1990;14;FGRUPOS;D;YUG;COL;1;0;N;0;0;1;0;N;0;0
ITA1990;14-06-1990;15;FGRUPOS;A;ITA;USA;1;0;N;0;0;1;0;N;0;0
ITA1990;14-06-1990;16;FGRUPOS;B;CMR;ROU;2;1;N;0;0;2;1;N;0;0
ITA1990;15-06-1990;17;FGRUPOS;A;AUT;CSK;0;1;N;0;0;0;1;N;0;0
ITA1990;15-06-1990;18;FGRUPOS;D;RFA;ARE;5;1;N;0;0;5;1;N;0;0
ITA1990;16-06-1990;19;FGRUPOS;C;BRA;CRI;1;0;N;0;0;1;0;N;0;0
ITA1990;16-06-1990;20;FGRUPOS;C;SWE;SCT;1;2;N;0;0;1;2;N;0;0
ITA1990;16-06-1990;21;FGRUPOS;F;GBR;NLD;0;0;N;0;0;0;0;N;0;0
ITA1990;17-06-1990;22;FGRUPOS;F;IRL;EGY;0;0;N;0;0;0;0;N;0;0
ITA1990;17-06-1990;23;FGRUPOS;E;BEL;URY;3;1;N;0;0;3;1;N;0;0
ITA1990;17-06-1990;24;FGRUPOS;E;KOR;ESP;1;3;N;0;0;1;3;N;0;0
ITA1990;18-06-1990;25;FGRUPOS;B;ARG;ROU;1;1;N;0;0;1;1;N;0;0
ITA1990;18-06-1990;26;FGRUPOS;B;CMR;SUN;0;4;N;0;0;0;4;N;0;0
ITA1990;19-06-1990;27;FGRUPOS;D;RFA;COL;1;1;N;0;0;1;1;N;0;0
ITA1990;19-06-1990;28;FGRUPOS;D;YUG;ARE;4;1;N;0;0;4;1;N;0;0
ITA1990;19-06-1990;29;FGRUPOS;A;ITA;CSK;2;0;N;0;0;2;0;N;0;0
ITA1990;19-06-1990;30;FGRUPOS;A;AUT;USA;2;1;N;0;0;2;1;N;0;0
ITA1990;20-06-1990;31;FGRUPOS;C;BRA;SCT;1;0;N;0;0;1;0;N;0;0
ITA1990;20-06-1990;32;FGRUPOS;C;SWE;CRI;1;2;N;0;0;1;2;N;0;0
ITA1990;21-06-1990;33;FGRUPOS;E;BEL;ESP;1;2;N;0;0;1;2;N;0;0
ITA1990;21-06-1990;34;FGRUPOS;E;KOR;URY;0;1;N;0;0;0;1;N;0;0
ITA1990;21-06-1990;35;FGRUPOS;F;GBR;EGY;1;0;N;0;0;1;0;N;0;0
ITA1990;21-06-1990;36;FGRUPOS;F;IRL;NLD;1;1;N;0;0;1;1;N;0;0
ITA1990;23-06-1990;37;OCTAVOS;;CMR;COL;0;0;S;2;1;2;1;N;0;0
ITA1990;23-06-1990;38;OCTAVOS;;CSK;CRI;4;1;N;0;0;4;1;N;0;0
ITA1990;24-06-1990;39;OCTAVOS;;BRA;ARG;0;1;N;0;0;0;1;N;0;0
ITA1990;24-06-1990;40;OCTAVOS;;RFA;NLD;2;1;N;0;0;2;1;N;0;0
ITA1990;25-06-1990;41;OCTAVOS;;IRL;ROU;0;0;S;0;0;0;0;S;5;4
ITA1990;25-06-1990;42;OCTAVOS;;ITA;URY;2;0;N;0;0;2;0;N;0;0
ITA1990;26-06-1990;43;OCTAVOS;;ESP;YUG;1;1;S;0;1;1;2;N;0;0
ITA1990;26-06-1990;44;OCTAVOS;;GBR;BEL;0;0;S;1;0;1;0;N;0;0
ITA1990;30-06-1990;45;CUARTOS;;ARG;YUG;0;0;S;0;0;0;0;S;3;2
ITA1990;30-06-1990;46;CUARTOS;;ITA;IRL;1;0;N;0;0;1;0;N;0;0
ITA1990;01-07-1990;47;CUARTOS;;RFA;CSK;1;0;N;0;0;1;0;N;0;0
ITA1990;01-07-1990;48;CUARTOS;;CMR;GBR;2;2;S;0;1;2;3;N;0;0
ITA1990;03-07-1990;49;SEMI;;ITA;ARG;1;1;S;0;0;1;1;S;3;4
ITA1990;04-07-1990;50;SEMI;;GBR;RFA;1;1;S;0;0;1;1;S;3;4
ITA1990;07-07-1990;51;3LUGAR;;ITA;GBR;2;1;N;0;0;2;1;N;0;0
ITA1990;08-07-1990;52;FINAL;;ARG;RFA;0;1;N;0;0;0;1;N;0;0
KOR2002;31-05-2002;1;FGRUPOS;A;FRA;SEN;0;1;N;0;0;0;1;N;0;0
KOR2002;01-06-2002;2;FGRUPOS;E;IRL;CMR;1;1;N;0;0;1;1;N;0;0
KOR2002;01-06-2002;3;FGRUPOS;A;URY;DNK;1;2;N;0;0;1;2;N;0;0
KOR2002;01-06-2002;4;FGRUPOS;E;DEU;SAU;8;0;N;0;0;8;0;N;0;0
KOR2002;02-06-2002;5;FGRUPOS;F;GBR;SWE;1;1;N;0;0;1;1;N;0;0
KOR2002;02-06-2002;6;FGRUPOS;B;PRY;ZAF;2;2;N;0;0;2;2;N;0;0
KOR2002;02-06-2002;7;FGRUPOS;F;ARG;NGA;1;0;N;0;0;1;0;N;0;0
KOR2002;02-06-2002;8;FGRUPOS;B;ESP;SVN;3;1;N;0;0;3;1;N;0;0
KOR2002;03-06-2002;9;FGRUPOS;G;HRV;MEX;0;1;N;0;0;0;1;N;0;0
KOR2002;03-06-2002;10;FGRUPOS;C;BRA;TUR;2;1;N;0;0;2;1;N;0;0
KOR2002;03-06-2002;11;FGRUPOS;G;ITA;ECU;2;0;N;0;0;2;0;N;0;0
KOR2002;04-06-2002;12;FGRUPOS;C;CHN;CRI;0;2;N;0;0;0;2;N;0;0
KOR2002;04-06-2002;13;FGRUPOS;H;JPN;BEL;2;2;N;0;0;2;2;N;0;0
KOR2002;04-06-2002;14;FGRUPOS;D;KOR;POL;2;0;N;0;0;2;0;N;0;0
KOR2002;05-06-2002;15;FGRUPOS;H;RUS;TUN;2;0;N;0;0;2;0;N;0;0
KOR2002;05-06-2002;16;FGRUPOS;D;USA;PRT;3;2;N;0;0;3;2;N;0;0
KOR2002;05-06-2002;17;FGRUPOS;E;DEU;IRL;1;1;N;0;0;1;1;N;0;0
KOR2002;06-06-2002;18;FGRUPOS;A;FRA;URY;0;0;N;0;0;0;0;N;0;0
KOR2002;06-06-2002;19;FGRUPOS;E;CMR;SAU;1;0;N;0;0;1;0;N;0;0
KOR2002;06-06-2002;20;FGRUPOS;A;DNK;SEN;1;1;N;0;0;1;1;N;0;0
KOR2002;07-06-2002;21;FGRUPOS;F;SWE;NGA;2;1;N;0;0;2;1;N;0;0
KOR2002;07-06-2002;22;FGRUPOS;B;ESP;PRY;3;1;N;0;0;3;1;N;0;0
KOR2002;07-06-2002;23;FGRUPOS;F;ARG;GBR;0;1;N;0;0;0;1;N;0;0
KOR2002;08-06-2002;24;FGRUPOS;B;ZAF;SVN;1;0;N;0;0;1;0;N;0;0
KOR2002;08-06-2002;25;FGRUPOS;G;ITA;HRV;1;2;N;0;0;1;2;N;0;0
KOR2002;08-06-2002;26;FGRUPOS;C;BRA;CHN;4;0;N;0;0;4;0;N;0;0
KOR2002;09-06-2002;27;FGRUPOS;G;MEX;ECU;2;1;N;0;0;2;1;N;0;0
KOR2002;09-06-2002;28;FGRUPOS;C;CRI;TUR;1;1;N;0;0;1;1;N;0;0
KOR2002;09-06-2002;29;FGRUPOS;H;JPN;RUS;1;0;N;0;0;1;0;N;0;0
KOR2002;10-06-2002;30;FGRUPOS;D;KOR;USA;1;1;N;0;0;1;1;N;0;0
KOR2002;10-06-2002;31;FGRUPOS;H;TUN;BEL;1;1;N;0;0;1;1;N;0;0
KOR2002;10-06-2002;32;FGRUPOS;D;PRT;POL;4;0;N;0;0;4;0;N;0;0
KOR2002;11-06-2002;33;FGRUPOS;A;DNK;FRA;2;0;N;0;0;2;0;N;0;0
KOR2002;11-06-2002;34;FGRUPOS;A;SEN;URY;3;3;N;0;0;3;3;N;0;0
KOR2002;11-06-2002;35;FGRUPOS;E;CMR;DEU;0;2;N;0;0;0;2;N;0;0
KOR2002;11-06-2002;36;FGRUPOS;E;SAU;IRL;0;3;N;0;0;0;3;N;0;0
KOR2002;12-06-2002;37;FGRUPOS;F;SWE;ARG;1;1;N;0;0;1;1;N;0;0
KOR2002;12-06-2002;38;FGRUPOS;F;NGA;GBR;0;0;N;0;0;0;0;N;0;0
KOR2002;12-06-2002;39;FGRUPOS;B;ZAF;ESP;2;3;N;0;0;2;3;N;0;0
KOR2002;12-06-2002;40;FGRUPOS;B;SVN;PRY;1;3;N;0;0;1;3;N;0;0
KOR2002;13-06-2002;41;FGRUPOS;C;CRI;BRA;2;5;N;0;0;2;5;N;0;0
KOR2002;13-06-2002;42;FGRUPOS;C;TUR;CHN;3;0;N;0;0;3;0;N;0;0
KOR2002;13-06-2002;43;FGRUPOS;G;MEX;ITA;1;1;N;0;0;1;1;N;0;0
KOR2002;13-06-2002;44;FGRUPOS;G;ECU;HRV;1;0;N;0;0;1;0;N;0;0
KOR2002;14-06-2002;45;FGRUPOS;H;TUN;JPN;0;2;N;0;0;0;2;N;0;0
KOR2002;14-06-2002;46;FGRUPOS;H;BEL;RUS;3;2;N;0;0;3;2;N;0;0
KOR2002;14-06-2002;47;FGRUPOS;D;PRT;KOR;0;1;N;0;0;0;1;N;0;0
KOR2002;14-06-2002;48;FGRUPOS;D;POL;USA;3;1;N;0;0;3;1;N;0;0
KOR2002;15-06-2002;49;OCTAVOS;;DEU;PRY;1;0;N;0;0;1;0;N;0;0
KOR2002;15-06-2002;50;OCTAVOS;;DNK;GBR;0;3;N;0;0;0;3;N;0;0
KOR2002;16-06-2002;51;OCTAVOS;;SWE;SEN;1;1;S;0;1;1;2;N;0;0
KOR2002;16-06-2002;52;OCTAVOS;;ESP;IRL;1;1;S;0;0;1;1;S;3;2
KOR2002;17-06-2002;53;OCTAVOS;;MEX;USA;0;2;N;0;0;0;2;N;0;0
KOR2002;17-06-2002;54;OCTAVOS;;BRA;BEL;2;0;N;0;0;2;0;N;0;0
KOR2002;18-06-2002;55;OCTAVOS;;JPN;TUR;0;1;N;0;0;0;1;N;0;0
KOR2002;18-06-2002;56;OCTAVOS;;KOR;ITA;1;1;S;1;0;2;1;N;0;0
KOR2002;21-06-2002;57;CUARTOS;;GBR;BRA;1;2;N;0;0;1;2;N;0;0
KOR2002;21-06-2002;58;CUARTOS;;DEU;USA;1;0;N;0;0;1;0;N;0;0
KOR2002;22-06-2002;59;CUARTOS;;ESP;KOR;0;0;S;0;0;0;0;S;3;5
KOR2002;22-06-2002;60;CUARTOS;;SEN;TUR;0;0;S;0;1;0;1;N;0;0
KOR2002;25-06-2002;61;SEMI;;DEU;KOR;1;0;N;0;0;1;0;N;0;0
KOR2002;26-06-2002;62;SEMI;;BRA;TUR;1;0;N;0;0;1;0;N;0;0
KOR2002;29-06-2002;63;3LUGAR;;KOR;TUR;2;3;N;0;0;2;3;N;0;0
KOR2002;30-06-2002;64;FINAL;;DEU;BRA;0;2;N;0;0;0;2;N;0;0
MEX1970;31-05-1970;1;FGRUPOS;1;MEX;SUN;0;0;N;0;0;0;0;N;0;0
MEX1970;02-06-1970;2;FGRUPOS;3;GBR;ROU;1;0;N;0;0;1;0;N;0;0
MEX1970;02-06-1970;3;FGRUPOS;2;URY;ISR;2;0;N;0;0;2;0;N;0;0
MEX1970;02-06-1970;4;FGRUPOS;4;PER;BGR;3;2;N;0;0;3;2;N;0;0
MEX1970;03-06-1970;5;FGRUPOS;2;ITA;SWE;1;0;N;0;0;1;0;N;0;0
MEX1970;03-06-1970;6;FGRUPOS;4;RFA;MAR;2;1;N;0;0;2;1;N;0;0
MEX1970;03-06-1970;7;FGRUPOS;1;BEL;SLV;3;0;N;0;0;3;0;N;0;0
MEX1970;03-06-1970;8;FGRUPOS;3;BRA;CSK;4;1;N;0;0;4;1;N;0;0
MEX1970;06-06-1970;9;FGRUPOS;4;PER;MAR;3;0;N;0;0;3;0;N;0;0
MEX1970;06-06-1970;10;FGRUPOS;3;ROU;CSK;2;1;N;0;0;2;1;N;0;0
MEX1970;06-06-1970;11;FGRUPOS;1;SUN;BEL;4;1;N;0;0;4;1;N;0;0
MEX1970;06-06-1970;12;FGRUPOS;2;URY;ITA;0;0;N;0;0;0;0;N;0;0
MEX1970;07-06-1970;13;FGRUPOS;2;SWE;ISR;1;1;N;0;0;1;1;N;0;0
MEX1970;07-06-1970;14;FGRUPOS;1;MEX;SLV;4;0;N;0;0;4;0;N;0;0
MEX1970;07-06-1970;15;FGRUPOS;4;RFA;BGR;5;2;N;0;0;5;2;N;0;0
MEX1970;07-06-1970;16;FGRUPOS;3;BRA;GBR;1;0;N;0;0;1;0;N;0;0
MEX1970;10-06-1970;17;FGRUPOS;1;SUN;SLV;2;0;N;0;0;2;0;N;0;0
MEX1970;10-06-1970;18;FGRUPOS;2;SWE;URY;1;0;N;0;0;1;0;N;0;0
MEX1970;10-06-1970;19;FGRUPOS;4;RFA;PER;3;1;N;0;0;3;1;N;0;0
MEX1970;10-06-1970;20;FGRUPOS;3;BRA;ROU;3;2;N;0;0;3;2;N;0;0
MEX1970;11-06-1970;21;FGRUPOS;4;BGR;MAR;1;1;N;0;0;1;1;N;0;0
MEX1970;11-06-1970;22;FGRUPOS;3;GBR;CSK;1;0;N;0;0;1;0;N;0;0
MEX1970;11-06-1970;23;FGRUPOS;1;MEX;BEL;1;0;N;0;0;1;0;N;0;0
MEX1970;11-06-1970;24;FGRUPOS;2;ITA;ISR;0;0;N;0;0;0;0;N;0;0
MEX1970;14-06-1970;25;CUARTOS;;RFA;GBR;2;2;S;1;0;3;2;N;0;0
MEX1970;14-06-1970;26;CUARTOS;;ITA;MEX;4;1;N;0;0;4;1;N;0;0
MEX1970;14-06-1970;27;CUARTOS;;URY;SUN;0;0;S;1;0;1;0;N;0;0
MEX1970;14-06-1970;28;CUARTOS;;BRA;PER;4;2;N;0;0;4;2;N;0;0
MEX1970;17-06-1970;29;SEMI;;URY;BRA;1;3;N;0;0;1;3;N;0;0
MEX1970;17-06-1970;30;SEMI;;ITA;RFA;1;1;S;3;2;4;3;N;0;0
MEX1970;20-06-1970;31;3LUGAR;;URY;RFA;0;1;N;0;0;0;1;N;0;0
MEX1970;21-06-1970;32;FINAL;;BRA;ITA;4;1;N;0;0;4;1;N;0;0
MEX1986;31-05-1986;1;FGRUPOS;A;BGR;ITA;1;1;N;0;0;1;1;N;0;0
MEX1986;01-06-1986;2;FGRUPOS;D;ESP;BRA;0;1;N;0;0;0;1;N;0;0
MEX1986;01-06-1986;3;FGRUPOS;C;CAN;FRA;0;1;N;0;0;0;1;N;0;0
MEX1986;02-06-1986;4;FGRUPOS;A;ARG;KOR;3;1;N;0;0;3;1;N;0;0
MEX1986;02-06-1986;5;FGRUPOS;C;SUN;HUN;6;0;N;0;0;6;0;N;0;0
MEX1986;02-06-1986;6;FGRUPOS;F;MAR;POL;0;0;N;0;0;0;0;N;0;0
MEX1986;03-06-1986;7;FGRUPOS;B;BEL;MEX;1;2;N;0;0;1;2;N;0;0
MEX1986;03-06-1986;8;FGRUPOS;F;PRT;GBR;1;0;N;0;0;1;0;N;0;0
MEX1986;03-06-1986;9;FGRUPOS;D;DZA;NIR;1;1;N;0;0;1;1;N;0;0
MEX1986;04-06-1986;10;FGRUPOS;E;SCT;DNK;0;1;N;0;0;0;1;N;0;0
MEX1986;04-06-1986;11;FGRUPOS;E;URY;RFA;1;1;N;0;0;1;1;N;0;0
MEX1986;04-06-1986;12;FGRUPOS;B;PRY;IRQ;1;0;N;0;0;1;0;N;0;0
MEX1986;05-06-1986;13;FGRUPOS;C;FRA;SUN;1;1;N;0;0;1;1;N;0;0
MEX1986;05-06-1986;14;FGRUPOS;A;KOR;BGR;1;1;N;0;0;1;1;N;0;0
MEX1986;05-06-1986;15;FGRUPOS;A;ITA;ARG;1;1;N;0;0;1;1;N;0;0
MEX1986;06-06-1986;16;FGRUPOS;C;HUN;CAN;2;0;N;0;0;2;0;N;0;0
MEX1986;06-06-1986;17;FGRUPOS;D;BRA;DZA;1;0;N;0;0;1;0;N;0;0
MEX1986;06-06-1986;18;FGRUPOS;F;GBR;MAR;0;0;N;0;0;0;0;N;0;0
MEX1986;07-06-1986;19;FGRUPOS;B;MEX;PRY;1;1;N;0;0;1;1;N;0;0
MEX1986;07-06-1986;20;FGRUPOS;F;POL;PRT;1;0;N;0;0;1;0;N;0;0
MEX1986;07-06-1986;21;FGRUPOS;D;NIR;ESP;1;2;N;0;0;1;2;N;0;0
MEX1986;08-06-1986;22;FGRUPOS;B;IRQ;BEL;1;2;N;0;0;1;2;N;0;0
MEX1986;08-06-1986;23;FGRUPOS;E;RFA;SCT;2;1;N;0;0;2;1;N;0;0
MEX1986;08-06-1986;24;FGRUPOS;E;DNK;URY;6;1;N;0;0;6;1;N;0;0
MEX1986;09-06-1986;25;FGRUPOS;C;SUN;CAN;2;0;N;0;0;2;0;N;0;0
MEX1986;09-06-1986;26;FGRUPOS;C;HUN;FRA;0;3;N;0;0;0;3;N;0;0
MEX1986;10-06-1986;27;FGRUPOS;A;KOR;ITA;2;3;N;0;0;2;3;N;0;0
MEX1986;10-06-1986;28;FGRUPOS;A;ARG;BGR;2;0;N;0;0;2;0;N;0;0
MEX1986;11-06-1986;29;FGRUPOS;B;PRY;BEL;2;2;N;0;0;2;2;N;0;0
MEX1986;11-06-1986;30;FGRUPOS;F;GBR;POL;3;0;N;0;0;3;0;N;0;0
MEX1986;11-06-1986;31;FGRUPOS;F;PRT;MAR;1;3;N;0;0;1;3;N;0;0
MEX1986;11-06-1986;32;FGRUPOS;B;IRQ;MEX;0;1;N;0;0;0;1;N;0;0
MEX1986;12-06-1986;33;FGRUPOS;D;NIR;BRA;0;3;N;0;0;0;3;N;0;0
MEX1986;12-06-1986;34;FGRUPOS;D;DZA;ESP;0;3;N;0;0;0;3;N;0;0
MEX1986;13-06-1986;35;FGRUPOS;E;DNK;RFA;2;0;N;0;0;2;0;N;0;0
MEX1986;13-06-1986;36;FGRUPOS;E;SCT;URY;0;0;N;0;0;0;0;N;0;0
MEX1986;15-06-1986;37;OCTAVOS;;SUN;BEL;2;2;S;1;2;3;4;N;0;0
MEX1986;15-06-1986;38;OCTAVOS;;MEX;BGR;2;0;N;0;0;2;0;N;0;0
MEX1986;16-06-1986;39;OCTAVOS;;BRA;POL;4;0;N;0;0;4;0;N;0;0
MEX1986;16-06-1986;40;OCTAVOS;;ARG;URY;1;0;N;0;0;1;0;N;0;0
MEX1986;17-06-1986;41;OCTAVOS;;MAR;RFA;0;1;N;0;0;0;1;N;0;0
MEX1986;17-06-1986;42;OCTAVOS;;ITA;FRA;0;2;N;0;0;0;2;N;0;0
MEX1986;18-06-1986;43;OCTAVOS;;DNK;ESP;1;5;N;0;0;1;5;N;0;0
MEX1986;18-06-1986;44;OCTAVOS;;GBR;PRY;3;0;N;0;0;3;0;N;0;0
MEX1986;21-06-1986;45;CUARTOS;;MEX;RFA;0;0;S;0;0;0;0;S;1;4
MEX1986;21-06-1986;46;CUARTOS;;BRA;FRA;1;1;S;0;0;1;1;S;3;4
MEX1986;22-06-1986;47;CUARTOS;;BEL;ESP;1;1;S;0;0;1;1;S;5;4
MEX1986;22-06-1986;48;CUARTOS;;ARG;GBR;2;1;N;0;0;2;1;N;0;0
MEX1986;25-06-1986;49;SEMI;;ARG;BEL;2;0;N;0;0;2;0;N;0;0
MEX1986;25-06-1986;50;SEMI;;RFA;FRA;2;0;N;0;0;2;0;N;0;0
MEX1986;28-06-1986;51;3LUGAR;;BEL;FRA;2;2;S;0;2;2;4;N;0;0
MEX1986;29-06-1986;52;FINAL;;ARG;RFA;3;2;N;0;0;3;2;N;0;0
QAT2022;20-11-2022;1;FGRUPOS;A;QAT;ECU;0;2;N;0;0;0;2;N;0;0
QAT2022;21-11-2022;2;FGRUPOS;A;SEN;NLD;0;2;N;0;0;0;2;N;0;0
QAT2022;21-11-2022;3;FGRUPOS;B;GBR;IRN;6;2;N;0;0;6;2;N;0;0
QAT2022;21-11-2022;4;FGRUPOS;B;USA;WLS;1;1;N;0;0;1;1;N;0;0
QAT2022;22-11-2022;5;FGRUPOS;D;FRA;AUS;4;1;N;0;0;4;1;N;0;0
QAT2022;22-11-2022;6;FGRUPOS;D;DNK;TUN;0;0;N;0;0;0;0;N;0;0
QAT2022;22-11-2022;7;FGRUPOS;C;MEX;POL;0;0;N;0;0;0;0;N;0;0
QAT2022;22-11-2022;8;FGRUPOS;C;ARG;SAU;1;2;N;0;0;1;2;N;0;0
QAT2022;23-11-2022;9;FGRUPOS;F;BEL;CAN;1;0;N;0;0;1;0;N;0;0
QAT2022;23-11-2022;10;FGRUPOS;E;ESP;CRI;7;0;N;0;0;7;0;N;0;0
QAT2022;23-11-2022;11;FGRUPOS;E;DEU;JPN;1;2;N;0;0;1;2;N;0;0
QAT2022;23-11-2022;12;FGRUPOS;F;MAR;HRV;0;0;N;0;0;0;0;N;0;0
QAT2022;24-11-2022;13;FGRUPOS;G;CHE;CMR;1;0;N;0;0;1;0;N;0;0
QAT2022;24-11-2022;14;FGRUPOS;H;URY;KOR;0;0;N;0;0;0;0;N;0;0
QAT2022;24-11-2022;15;FGRUPOS;H;PRT;GHA;3;2;N;0;0;3;2;N;0;0
QAT2022;24-11-2022;16;FGRUPOS;G;BRA;SRB;2;0;N;0;0;2;0;N;0;0
QAT2022;25-11-2022;17;FGRUPOS;B;WLS;IRN;0;2;N;0;0;0;2;N;0;0
QAT2022;25-11-2022;18;FGRUPOS;A;QAT;SEN;1;3;N;0;0;1;3;N;0;0
QAT2022;25-11-2022;19;FGRUPOS;A;NLD;ECU;1;1;N;0;0;1;1;N;0;0
QAT2022;25-11-2022;20;FGRUPOS;B;GBR;USA;0;0;N;0;0;0;0;N;0;0
QAT2022;26-11-2022;21;FGRUPOS;D;TUN;AUS;0;1;N;0;0;0;1;N;0;0
QAT2022;26-11-2022;22;FGRUPOS;C;POL;SAU;2;0;N;0;0;2;0;N;0;0
QAT2022;26-11-2022;23;FGRUPOS;D;FRA;DNK;2;1;N;0;0;2;1;N;0;0
QAT2022;26-11-2022;24;FGRUPOS;C;ARG;MEX;2;0;N;0;0;2;0;N;0;0
QAT2022;27-11-2022;25;FGRUPOS;E;JPN;CRI;0;1;N;0;0;0;1;N;0;0
QAT2022;27-11-2022;26;FGRUPOS;F;BEL;MAR;0;2;N;0;0;0;2;N;0;0
QAT2022;27-11-2022;27;FGRUPOS;F;HRV;CAN;4;1;N;0;0;4;1;N;0;0
QAT2022;27-11-2022;28;FGRUPOS;E;ESP;DEU;1;1;N;0;0;1;1;N;0;0
QAT2022;28-11-2022;29;FGRUPOS;G;CMR;SRB;3;3;N;0;0;3;3;N;0;0
QAT2022;28-11-2022;30;FGRUPOS;H;KOR;GHA;2;3;N;0;0;2;3;N;0;0
QAT2022;28-11-2022;31;FGRUPOS;G;BRA;CHE;1;0;N;0;0;1;0;N;0;0
QAT2022;28-11-2022;32;FGRUPOS;H;PRT;URY;2;0;N;0;0;2;0;N;0;0
QAT2022;29-11-2022;33;FGRUPOS;B;WLS;GBR;0;3;N;0;0;0;3;N;0;0
QAT2022;29-11-2022;34;FGRUPOS;B;IRN;USA;0;1;N;0;0;0;1;N;0;0
QAT2022;29-11-2022;35;FGRUPOS;A;ECU;SEN;1;2;N;0;0;1;2;N;0;0
QAT2022;29-11-2022;36;FGRUPOS;A;NLD;QAT;2;0;N;0;0;2;0;N;0;0
QAT2022;30-11-2022;37;FGRUPOS;D;AUS;DNK;1;0;N;0;0;1;0;N;0;0
QAT2022;30-11-2022;38;FGRUPOS;D;TUN;FRA;1;0;N;0;0;1;0;N;0;0
QAT2022;30-11-2022;39;FGRUPOS;C;POL;ARG;0;2;N;0;0;0;2;N;0;0
QAT2022;30-11-2022;40;FGRUPOS;C;SAU;MEX;1;2;N;0;0;1;2;N;0;0
QAT2022;01-12-2022;41;FGRUPOS;F;HRV;BEL;0;0;N;0;0;0;0;N;0;0
QAT2022;01-12-2022;42;FGRUPOS;F;CAN;MAR;1;2;N;0;0;1;2;N;0;0
QAT2022;01-12-2022;43;FGRUPOS;E;JPN;ESP;2;1;N;0;0;2;1;N;0;0
QAT2022;01-12-2022;44;FGRUPOS;E;CRI;DEU;2;4;N;0;0;2;4;N;0;0
QAT2022;02-12-2022;45;FGRUPOS;H;GHA;URY;0;2;N;0;0;0;2;N;0;0
QAT2022;02-12-2022;46;FGRUPOS;H;KOR;PRT;2;1;N;0;0;2;1;N;0;0
QAT2022;02-12-2022;47;FGRUPOS;G;SRB;CHE;2;3;N;0;0;2;3;N;0;0
QAT2022;02-12-2022;48;FGRUPOS;G;CMR;BRA;1;0;N;0;0;1;0;N;0;0
QAT2022;03-12-2022;49;OCTAVOS;;NLD;USA;3;1;N;0;0;3;1;N;0;0
QAT2022;03-12-2022;50;OCTAVOS;;ARG;AUS;2;1;N;0;0;2;1;N;0;0
QAT2022;04-12-2022;51;OCTAVOS;;GBR;SEN;3;0;N;0;0;3;0;N;0;0
QAT2022;04-12-2022;52;OCTAVOS;;FRA;POL;3;1;N;0;0;3;1;N;0;0
QAT2022;05-12-2022;53;OCTAVOS;;JPN;HRV;1;1;S;0;0;1;1;S;1;3
QAT2022;05-12-2022;54;OCTAVOS;;BRA;KOR;4;1;N;0;0;4;1;N;0;0
QAT2022;06-12-2022;55;OCTAVOS;;MAR;ESP;0;0;S;0;0;0;0;S;3;0
QAT2022;06-12-2022;56;OCTAVOS;;PRT;CHE;6;1;N;0;0;6;1;N;0;0
QAT2022;09-12-2022;57;CUARTOS;;NLD;ARG;2;2;S;0;0;2;2;S;3;4
QAT2022;09-12-2022;58;CUARTOS;;HRV;BRA;0;0;S;1;1;1;1;S;4;2
QAT2022;10-12-2022;59;CUARTOS;;GBR;FRA;1;2;N;0;0;1;2;N;0;0
QAT2022;10-12-2022;60;CUARTOS;;MAR;PRT;1;0;N;0;0;1;0;N;0;0
QAT2022;13-12-2022;61;SEMI;;ARG;HRV;3;0;N;0;0;3;0;N;0;0
QAT2022;14-12-2022;62;SEMI;;FRA;MAR;2;0;N;0;0;2;0;N;0;0
QAT2022;17-12-2022;63;3LUGAR;;HRV;MAR;0;0;N;0;0;0;0;N;0;0
QAT2022;18-12-2022;64;FINAL;;ARG;FRA;0;0;N;0;0;0;0;N;0;0
RFA1974;13-06-1974;1;FGRUPOS;2;BRA;YUG;0;0;N;0;0;0;0;N;0;0
RFA1974;14-06-1974;2;FGRUPOS;1;RFA;CHL;1;0;N;0;0;1;0;N;0;0
RFA1974;14-06-1974;3;FGRUPOS;1;RDA;AUS;2;0;N;0;0;2;0;N;0;0
RFA1974;14-06-1974;4;FGRUPOS;2;ZAR;SCT;0;2;N;0;0;0;2;N;0;0
RFA1974;15-06-1974;5;FGRUPOS;3;SWE;BGR;0;0;N;0;0;0;0;N;0;0
RFA1974;15-06-1974;6;FGRUPOS;4;POL;ARG;3;2;N;0;0;3;2;N;0;0
RFA1974;15-06-1974;7;FGRUPOS;4;ITA;HTI;3;1;N;0;0;3;1;N;0;0
RFA1974;15-06-1974;8;FGRUPOS;3;URY;NLD;0;2;N;0;0;0;2;N;0;0
RFA1974;18-06-1974;9;FGRUPOS;2;SCT;BRA;0;0;N;0;0;0;0;N;0;0
RFA1974;18-06-1974;10;FGRUPOS;1;AUS;RFA;0;3;N;0;0;0;3;N;0;0
RFA1974;18-06-1974;11;FGRUPOS;2;YUG;ZAR;9;0;N;0;0;9;0;N;0;0
RFA1974;18-06-1974;12;FGRUPOS;1;CHL;RDA;1;1;N;0;0;1;1;N;0;0
RFA1974;19-06-1974;13;FGRUPOS;3;NLD;SWE;0;0;N;0;0;0;0;N;0;0
RFA1974;19-06-1974;14;FGRUPOS;4;ARG;ITA;1;1;N;0;0;1;1;N;0;0
RFA1974;19-06-1974;15;FGRUPOS;4;HTI;POL;0;7;N;0;0;0;7;N;0;0
RFA1974;19-06-1974;16;FGRUPOS;3;BGR;URY;1;1;N;0;0;1;1;N;0;0
RFA1974;22-06-1974;17;FGRUPOS;2;ZAR;BRA;0;3;N;0;0;0;3;N;0;0
RFA1974;22-06-1974;18;FGRUPOS;1;RDA;RFA;1;0;N;0;0;1;0;N;0;0
RFA1974;22-06-1974;19;FGRUPOS;1;AUS;CHL;0;0;N;0;0;0;0;N;0;0
RFA1974;22-06-1974;20;FGRUPOS;2;SCT;YUG;1;1;N;0;0;1;1;N;0;0
RFA1974;23-06-1974;21;FGRUPOS;4;POL;ITA;2;1;N;0;0;2;1;N;0;0
RFA1974;23-06-1974;22;FGRUPOS;4;ARG;HTI;4;1;N;0;0;4;1;N;0;0
RFA1974;23-06-1974;23;FGRUPOS;3;BGR;NLD;1;4;N;0;0;1;4;N;0;0
RFA1974;23-06-1974;24;FGRUPOS;3;SWE;URY;3;0;N;0;0;3;0;N;0;0
RFA1974;26-06-1974;25;FGRUPOS2;B;SWE;POL;0;1;N;0;0;0;1;N;0;0
RFA1974;26-06-1974;26;FGRUPOS2;B;YUG;RFA;0;2;N;0;0;0;2;N;0;0
RFA1974;26-06-1974;27;FGRUPOS2;A;NLD;ARG;4;0;N;0;0;4;0;N;0;0
RFA1974;26-06-1974;28;FGRUPOS2;A;BRA;RDA;1;0;N;0;0;1;0;N;0;0
RFA1974;30-06-1974;29;FGRUPOS2;A;RDA;NLD;0;2;N;0;0;0;2;N;0;0
RFA1974;30-06-1974;30;FGRUPOS2;A;ARG;BRA;1;2;N;0;0;1;2;N;0;0
RFA1974;30-06-1974;31;FGRUPOS2;B;POL;YUG;2;1;N;0;0;2;1;N;0;0
RFA1974;30-06-1974;32;FGRUPOS2;B;RFA;SWE;4;2;N;0;0;4;2;N;0;0
RFA1974;03-07-1974;33;FGRUPOS2;B;SWE;YUG;2;1;N;0;0;2;1;N;0;0
RFA1974;03-07-1974;34;FGRUPOS2;A;ARG;RDA;1;1;N;0;0;1;1;N;0;0
RFA1974;03-07-1974;35;FGRUPOS2;B;POL;RFA;0;1;N;0;0;0;1;N;0;0
RFA1974;03-07-1974;36;FGRUPOS2;A;NLD;BRA;2;0;N;0;0;2;0;N;0;0
RFA1974;06-07-1974;37;3LUGAR;;BRA;POL;0;1;N;0;0;0;1;N;0;0
RFA1974;07-07-1974;38;FINAL;;NLD;RFA;1;2;N;0;0;1;2;N;0;0
RUS2018;14-06-2018;1;FGRUPOS;A;RUS;SAU;5;0;N;0;0;5;0;N;0;0
RUS2018;15-06-2018;2;FGRUPOS;A;EGY;URY;0;1;N;0;0;0;1;N;0;0
RUS2018;15-06-2018;3;FGRUPOS;B;PRT;ESP;3;3;N;0;0;3;3;N;0;0
RUS2018;15-06-2018;4;FGRUPOS;B;MAR;IRN;0;1;N;0;0;0;1;N;0;0
RUS2018;16-06-2018;5;FGRUPOS;C;FRA;AUS;2;1;N;0;0;2;1;N;0;0
RUS2018;16-06-2018;6;FGRUPOS;C;PER;DNK;0;1;N;0;0;0;1;N;0;0
RUS2018;16-06-2018;7;FGRUPOS;D;ARG;ISL;1;1;N;0;0;1;1;N;0;0
RUS2018;16-06-2018;8;FGRUPOS;D;HRV;NGA;2;0;N;0;0;2;0;N;0;0
RUS2018;17-06-2018;9;FGRUPOS;E;BRA;CHE;1;1;N;0;0;1;1;N;0;0
RUS2018;17-06-2018;10;FGRUPOS;E;CRI;SRB;0;1;N;0;0;0;1;N;0;0
RUS2018;17-06-2018;11;FGRUPOS;F;DEU;MEX;0;1;N;0;0;0;1;N;0;0
RUS2018;18-06-2018;12;FGRUPOS;F;SWE;KOR;1;0;N;0;0;1;0;N;0;0
RUS2018;18-06-2018;13;FGRUPOS;G;BEL;PAN;3;0;N;0;0;3;0;N;0;0
RUS2018;18-06-2018;14;FGRUPOS;G;TUN;GBR;1;2;N;0;0;1;2;N;0;0
RUS2018;19-06-2018;15;FGRUPOS;H;POL;SEN;1;2;N;0;0;1;2;N;0;0
RUS2018;19-06-2018;16;FGRUPOS;H;COL;JPN;1;2;N;0;0;1;2;N;0;0
RUS2018;19-06-2018;17;FGRUPOS;A;RUS;EGY;3;1;N;0;0;3;1;N;0;0
RUS2018;20-06-2018;18;FGRUPOS;A;URY;SAU;1;0;N;0;0;1;0;N;0;0
RUS2018;20-06-2018;19;FGRUPOS;B;PRT;MAR;1;0;N;0;0;1;0;N;0;0
RUS2018;20-06-2018;20;FGRUPOS;B;IRN;ESP;0;1;N;0;0;0;1;N;0;0
RUS2018;21-06-2018;21;FGRUPOS;C;FRA;PER;1;0;N;0;0;1;0;N;0;0
RUS2018;21-06-2018;22;FGRUPOS;C;DNK;AUS;1;1;N;0;0;1;1;N;0;0
RUS2018;21-06-2018;23;FGRUPOS;D;ARG;HRV;0;3;N;0;0;0;3;N;0;0
RUS2018;22-06-2018;24;FGRUPOS;D;NGA;ISL;2;0;N;0;0;2;0;N;0;0
RUS2018;22-06-2018;25;FGRUPOS;E;BRA;CRI;2;0;N;0;0;2;0;N;0;0
RUS2018;22-06-2018;26;FGRUPOS;E;SRB;CHE;1;2;N;0;0;1;2;N;0;0
RUS2018;23-06-2018;27;FGRUPOS;F;DEU;SWE;2;1;N;0;0;2;1;N;0;0
RUS2018;23-06-2018;28;FGRUPOS;F;KOR;MEX;1;2;N;0;0;1;2;N;0;0
RUS2018;23-06-2018;29;FGRUPOS;G;BEL;TUN;5;2;N;0;0;5;2;N;0;0
RUS2018;24-06-2018;30;FGRUPOS;G;GBR;PAN;6;1;N;0;0;6;1;N;0;0
RUS2018;24-06-2018;31;FGRUPOS;H;POL;COL;0;3;N;0;0;0;3;N;0;0
RUS2018;24-06-2018;32;FGRUPOS;H;JPN;SEN;2;2;N;0;0;2;2;N;0;0
RUS2018;25-06-2018;33;FGRUPOS;A;URY;RUS;3;0;N;0;0;3;0;N;0;0
RUS2018;25-06-2018;34;FGRUPOS;A;SAU;EGY;2;1;N;0;0;2;1;N;0;0
RUS2018;25-06-2018;35;FGRUPOS;B;IRN;PRT;1;1;N;0;0;1;1;N;0;0
RUS2018;25-06-2018;36;FGRUPOS;B;ESP;MAR;2;2;N;0;0;2;2;N;0;0
RUS2018;26-06-2018;37;FGRUPOS;C;DNK;FRA;0;0;N;0;0;0;0;N;0;0
RUS2018;26-06-2018;38;FGRUPOS;C;AUS;PER;0;2;N;0;0;0;2;N;0;0
RUS2018;26-06-2018;39;FGRUPOS;D;NGA;ARG;1;2;N;0;0;1;2;N;0;0
RUS2018;26-06-2018;40;FGRUPOS;D;ISL;HRV;1;2;N;0;0;1;2;N;0;0
RUS2018;27-06-2018;41;FGRUPOS;E;SRB;BRA;0;2;N;0;0;0;2;N;0;0
RUS2018;27-06-2018;42;FGRUPOS;E;CHE;CRI;2;2;N;0;0;2;2;N;0;0
RUS2018;27-06-2018;43;FGRUPOS;F;KOR;DEU;2;0;N;0;0;2;0;N;0;0
RUS2018;27-06-2018;44;FGRUPOS;F;MEX;SWE;0;3;N;0;0;0;3;N;0;0
RUS2018;28-06-2018;45;FGRUPOS;G;GBR;BEL;0;1;N;0;0;0;1;N;0;0
RUS2018;28-06-2018;46;FGRUPOS;G;PAN;TUN;1;2;N;0;0;1;2;N;0;0
RUS2018;28-06-2018;47;FGRUPOS;H;JPN;POL;0;1;N;0;0;0;1;N;0;0
RUS2018;28-06-2018;48;FGRUPOS;H;SEN;COL;0;1;N;0;0;0;1;N;0;0
RUS2018;30-06-2018;49;OCTAVOS;;URY;PRT;2;1;N;0;0;2;1;N;0;0
RUS2018;30-06-2018;50;OCTAVOS;;FRA;ARG;4;3;N;0;0;4;3;N;0;0
RUS2018;01-07-2018;51;OCTAVOS;;ESP;RUS;1;1;S;0;0;1;1;S;3;4
RUS2018;01-07-2018;52;OCTAVOS;;HRV;DNK;1;1;S;0;0;1;1;S;3;2
RUS2018;02-07-2018;53;OCTAVOS;;BRA;MEX;2;0;N;0;0;2;0;N;0;0
RUS2018;02-07-2018;54;OCTAVOS;;BEL;JPN;3;2;N;0;0;3;2;N;0;0
RUS2018;03-07-2018;55;OCTAVOS;;SWE;CHE;1;0;N;0;0;1;0;N;0;0
RUS2018;03-07-2018;56;OCTAVOS;;COL;GBR;1;1;S;0;0;1;1;S;3;4
RUS2018;06-07-2018;57;CUARTOS;;URY;FRA;0;2;N;0;0;0;2;N;0;0
RUS2018;06-07-2018;58;CUARTOS;;BRA;BEL;1;2;N;0;0;1;2;N;0;0
RUS2018;07-07-2018;59;CUARTOS;;RUS;HRV;1;1;S;1;1;2;2;S;3;4
RUS2018;07-07-2018;60;CUARTOS;;SWE;GBR;0;2;N;0;0;0;2;N;0;0
RUS2018;10-07-2018;61;SEMI;;FRA;BEL;1;0;N;0;0;1;0;N;0;0
RUS2018;11-07-2018;62;SEMI;;HRV;GBR;1;1;S;1;0;2;1;N;0;0
RUS2018;14-07-2018;63;3LUGAR;;BEL;GBR;2;0;N;0;0;2;0;N;0;0
RUS2018;15-07-2018;64;FINAL;;FRA;HRV;4;2;N;0;0;4;2;N;0;0
SWE1958;08-06-1958;1;FGRUPOS;3;HUN;WLS;1;1;N;0;0;1;1;N;0;0
SWE1958;08-06-1958;2;FGRUPOS;1;NIR;CSK;1;0;N;0;0;1;0;N;0;0
SWE1958;08-06-1958;3;FGRUPOS;4;BRA;AUT;3;0;N;0;0;3;0;N;0;0
SWE1958;08-06-1958;4;FGRUPOS;2;FRA;PRY;7;3;N;0;0;7;3;N;0;0
SWE1958;08-06-1958;5;FGRUPOS;1;ARG;RFA;1;3;N;0;0;1;3;N;0;0
SWE1958;08-06-1958;6;FGRUPOS;4;SUN;GBR;2;2;N;0;0;2;2;N;0;0
SWE1958;08-06-1958;7;FGRUPOS;2;YUG;SCT;1;1;N;0;0;1;1;N;0;0
SWE1958;08-06-1958;8;FGRUPOS;3;SWE;MEX;3;0;N;0;0;3;0;N;0;0
SWE1958;11-06-1958;9;FGRUPOS;2;YUG;FRA;3;2;N;0;0;3;2;N;0;0
SWE1958;11-06-1958;10;FGRUPOS;2;PRY;SCT;3;2;N;0;0;3;2;N;0;0
SWE1958;11-06-1958;11;FGRUPOS;3;MEX;WLS;1;1;N;0;0;1;1;N;0;0
SWE1958;11-06-1958;12;FGRUPOS;1;RFA;CSK;2;2;N;0;0;2;2;N;0;0
SWE1958;11-06-1958;13;FGRUPOS;4;SUN;AUT;2;0;N;0;0;2;0;N;0;0
SWE1958;11-06-1958;14;FGRUPOS;1;ARG;NIR;3;1;N;0;0;3;1;N;0;0
SWE1958;11-06-1958;15;FGRUPOS;4;BRA;GBR;0;0;N;0;0;0;0;N;0;0
SWE1958;12-06-1958;16;FGRUPOS;3;SWE;HUN;2;1;N;0;0;2;1;N;0;0
SWE1958;15-06-1958;17;FGRUPOS;2;FRA;SCT;2;1;N;0;0;2;1;N;0;0
SWE1958;15-06-1958;18;FGRUPOS;3;SWE;WLS;0;0;N;0;0;0;0;N;0;0
SWE1958;15-06-1958;19;FGRUPOS;1;RFA;NIR;2;2;N;0;0;2;2;N;0;0
SWE1958;15-06-1958;20;FGRUPOS;2;PRY;YUG;3;3;N;0;0;3;3;N;0;0
SWE1958;15-06-1958;21;FGRUPOS;4;BRA;SUN;2;0;N;0;0;2;0;N;0;0
SWE1958;15-06-1958;22;FGRUPOS;4;GBR;AUT;2;2;N;0;0;2;2;N;0;0
SWE1958;15-06-1958;23;FGRUPOS;3;HUN;MEX;4;0;N;0;0;4;0;N;0;0
SWE1958;15-06-1958;24;FGRUPOS;1;CSK;ARG;6;1;N;0;0;6;1;N;0;0
SWE1958;17-06-1958;25;FGRUPOS;1;NIR;CSK;1;1;S;1;0;2;1;N;0;0
SWE1958;17-06-1958;26;FGRUPOS;3;WLS;HUN;2;1;N;0;0;2;1;N;0;0
SWE1958;17-06-1958;27;FGRUPOS;4;SUN;GBR;1;0;N;0;0;1;0;N;0;0
SWE1958;19-06-1958;28;CUARTOS;;FRA;NIR;4;0;N;0;0;4;0;N;0;0
SWE1958;19-06-1958;29;CUARTOS;;RFA;YUG;1;0;N;0;0;1;0;N;0;0
SWE1958;19-06-1958;30;CUARTOS;;BRA;WLS;1;0;N;0;0;1;0;N;0;0
SWE1958;19-06-1958;31;CUARTOS;;SWE;SUN;2;0;N;0;0;2;0;N;0;0
SWE1958;24-06-1958;32;SEMI;;RFA;SWE;1;3;N;0;0;1;3;N;0;0
SWE1958;24-06-1958;33;SEMI;;FRA;BRA;2;5;N;0;0;2;5;N;0;0
SWE1958;28-06-1958;34;3LUGAR;;RFA;FRA;3;6;N;0;0;3;6;N;0;0
SWE1958;29-06-1958;35;FINAL;;SWE;BRA;2;5;N;0;0;2;5;N;0;0
URY1930;13-07-1930;1;FGRUPOS;1;FRA;MEX;4;1;N;0;0;4;1;N;0;0
URY1930;13-07-1930;2;FGRUPOS;4;USA;BEL;3;0;N;0;0;3;0;N;0;0
URY1930;14-07-1930;3;FGRUPOS;3;ROU;PER;3;1;N;0;0;3;1;N;0;0
URY1930;14-07-1930;4;FGRUPOS;2;YUG;BRA;2;1;N;0;0;2;1;N;0;0
URY1930;15-07-1930;5;FGRUPOS;1;ARG;FRA;1;0;N;0;0;1;0;N;0;0
URY1930;16-07-1930;6;FGRUPOS;1;CHL;MEX;3;0;N;0;0;3;0;N;0;0
URY1930;17-07-1930;7;FGRUPOS;2;YUG;BOL;4;0;N;0;0;4;0;N;0;0
URY1930;17-07-1930;8;FGRUPOS;4;USA;PRY;3;0;N;0;0;3;0;N;0;0
URY1930;18-07-1930;9;FGRUPOS;3;URY;PER;1;0;N;0;0;1;0;N;0;0
URY1930;19-07-1930;10;FGRUPOS;1;ARG;MEX;6;3;N;0;0;6;3;N;0;0
URY1930;19-07-1930;11;FGRUPOS;1;CHL;FRA;1;0;N;0;0;1;0;N;0;0
URY1930;20-07-1930;12;FGRUPOS;4;PRY;BEL;1;0;N;0;0;1;0;N;0;0
URY1930;20-07-1930;13;FGRUPOS;2;BRA;BOL;4;0;N;0;0;4;0;N;0;0
URY1930;21-07-1930;14;FGRUPOS;3;URY;ROU;4;0;N;0;0;4;0;N;0;0
URY1930;22-07-1930;15;FGRUPOS;1;ARG;CHL;3;1;N;0;0;3;1;N;0;0
URY1930;26-07-1930;16;SEMI;;ARG;USA;6;1;N;0;0;6;1;N;0;0
URY1930;27-07-1930;17;SEMI;;URY;YUG;6;1;N;0;0;6;1;N;0;0
URY1930;30-07-1930;18;FINAL;;ARG;URY;2;4;N;0;0;2;4;N;0;0
USA1994;17-06-1994;1;FGRUPOS;C;DEU;BOL;1;0;N;0;0;1;0;N;0;0
USA1994;17-06-1994;2;FGRUPOS;C;ESP;KOR;2;2;N;0;0;2;2;N;0;0
USA1994;18-06-1994;3;FGRUPOS;A;USA;CHE;1;1;N;0;0;1;1;N;0;0
USA1994;18-06-1994;4;FGRUPOS;E;ITA;IRL;0;1;N;0;0;0;1;N;0;0
USA1994;18-06-1994;5;FGRUPOS;A;COL;ROU;1;3;N;0;0;1;3;N;0;0
USA1994;19-06-1994;6;FGRUPOS;F;BEL;MAR;1;0;N;0;0;1;0;N;0;0
USA1994;19-06-1994;7;FGRUPOS;E;NOR;MEX;1;0;N;0;0;1;0;N;0;0
USA1994;19-06-1994;8;FGRUPOS;B;CMR;SWE;2;2;N;0;0;2;2;N;0;0
USA1994;20-06-1994;9;FGRUPOS;B;BRA;RUS;2;0;N;0;0;2;0;N;0;0
USA1994;20-06-1994;10;FGRUPOS;F;NLD;SAU;2;1;N;0;0;2;1;N;0;0
USA1994;21-06-1994;11;FGRUPOS;D;ARG;GRC;4;0;N;0;0;4;0;N;0;0
USA1994;21-06-1994;12;FGRUPOS;C;DEU;ESP;1;1;N;0;0;1;1;N;0;0
USA1994;21-06-1994;13;FGRUPOS;D;NGA;BGR;3;0;N;0;0;3;0;N;0;0
USA1994;22-06-1994;14;FGRUPOS;A;ROU;CHE;1;4;N;0;0;1;4;N;0;0
USA1994;22-06-1994;15;FGRUPOS;A;USA;COL;2;1;N;0;0;2;1;N;0;0
USA1994;23-06-1994;16;FGRUPOS;E;ITA;NOR;1;0;N;0;0;1;0;N;0;0
USA1994;23-06-1994;17;FGRUPOS;C;KOR;BOL;0;0;N;0;0;0;0;N;0;0
USA1994;24-06-1994;18;FGRUPOS;E;MEX;IRL;2;1;N;0;0;2;1;N;0;0
USA1994;24-06-1994;19;FGRUPOS;B;BRA;CMR;3;0;N;0;0;3;0;N;0;0
USA1994;24-06-1994;20;FGRUPOS;B;SWE;RUS;3;1;N;0;0;3;1;N;0;0
USA1994;25-06-1994;21;FGRUPOS;F;BEL;NLD;1;0;N;0;0;1;0;N;0;0
USA1994;25-06-1994;22;FGRUPOS;F;SAU;MAR;2;1;N;0;0;2;1;N;0;0
USA1994;25-06-1994;23;FGRUPOS;D;ARG;NGA;2;1;N;0;0;2;1;N;0;0
USA1994;26-06-1994;24;FGRUPOS;D;BGR;GRC;4;0;N;0;0;4;0;N;0;0
USA1994;26-06-1994;25;FGRUPOS;A;USA;ROU;0;1;N;0;0;0;1;N;0;0
USA1994;26-06-1994;26;FGRUPOS;A;CHE;COL;0;2;N;0;0;0;2;N;0;0
USA1994;27-06-1994;27;FGRUPOS;C;BOL;ESP;1;3;N;0;0;1;3;N;0;0
USA1994;27-06-1994;28;FGRUPOS;C;DEU;KOR;3;2;N;0;0;3;2;N;0;0
USA1994;28-06-1994;29;FGRUPOS;E;IRL;NOR;0;0;N;0;0;0;0;N;0;0
USA1994;28-06-1994;30;FGRUPOS;E;ITA;MEX;1;1;N;0;0;1;1;N;0;0
USA1994;28-06-1994;31;FGRUPOS;B;RUS;CMR;6;1;N;0;0;6;1;N;0;0
USA1994;28-06-1994;32;FGRUPOS;B;BRA;SWE;1;1;N;0;0;1;1;N;0;0
USA1994;29-06-1994;33;FGRUPOS;F;MAR;NLD;1;2;N;0;0;1;2;N;0;0
USA1994;29-06-1994;34;FGRUPOS;F;BEL;SAU;0;1;N;0;0;0;1;N;0;0
USA1994;30-06-1994;35;FGRUPOS;D;GRC;NGA;0;2;N;0;0;0;2;N;0;0
USA1994;30-06-1994;36;FGRUPOS;D;ARG;BGR;0;2;N;0;0;0;2;N;0;0
USA1994;02-07-1994;37;OCTAVOS;;DEU;BEL;3;2;N;0;0;3;2;N;0;0
USA1994;02-07-1994;38;OCTAVOS;;ESP;CHE;3;0;N;0;0;3;0;N;0;0
USA1994;03-07-1994;39;OCTAVOS;;SAU;SWE;1;3;N;0;0;1;3;N;0;0
USA1994;03-07-1994;40;OCTAVOS;;ROU;ARG;3;2;N;0;0;3;2;N;0;0
USA1994;04-07-1994;41;OCTAVOS;;NLD;IRL;2;0;N;0;0;2;0;N;0;0
USA1994;04-07-1994;42;OCTAVOS;;BRA;USA;1;0;N;0;0;1;0;N;0;0
USA1994;05-07-1994;43;OCTAVOS;;NGA;ITA;1;1;S;0;1;1;2;N;0;0
USA1994;05-07-1994;44;OCTAVOS;;MEX;BGR;1;1;S;0;0;1;1;S;1;3
USA1994;09-07-1994;45;CUARTOS;;ITA;ESP;2;1;N;0;0;2;1;N;0;0
USA1994;09-07-1994;46;CUARTOS;;NLD;BRA;2;3;N;0;0;2;3;N;0;0
USA1994;10-07-1994;47;CUARTOS;;BGR;DEU;2;1;N;0;0;2;1;N;0;0
USA1994;10-07-1994;48;CUARTOS;;ROU;SWE;1;1;S;1;1;2;2;S;4;5
USA1994;13-07-1994;49;SEMI;;BGR;ITA;1;2;N;0;0;1;2;N;0;0
USA1994;13-07-1994;50;SEMI;;SWE;BRA;0;1;N;0;0;0;1;N;0;0
USA1994;16-07-1994;51;3LUGAR;;SWE;BGR;4;0;N;0;0;4;0;N;0;0
USA1994;17-07-1994;52;FINAL;;BRA;ITA;0;0;S;0;0;0;0;S;3;2
ZAF2010;11-06-2010;1;FGRUPOS;A;ZAF;MEX;1;1;N;0;0;1;1;N;0;0
ZAF2010;11-06-2010;2;FGRUPOS;A;URY;FRA;0;0;N;0;0;0;0;N;0;0
ZAF2010;12-06-2010;3;FGRUPOS;B;ARG;NGA;1;0;N;0;0;1;0;N;0;0
ZAF2010;12-06-2010;4;FGRUPOS;B;KOR;GRC;2;0;N;0;0;2;0;N;0;0
ZAF2010;12-06-2010;5;FGRUPOS;C;GBR;USA;1;1;N;0;0;1;1;N;0;0
ZAF2010;13-06-2010;6;FGRUPOS;C;DZA;SVN;0;1;N;0;0;0;1;N;0;0
ZAF2010;13-06-2010;7;FGRUPOS;D;DEU;AUS;4;0;N;0;0;4;0;N;0;0
ZAF2010;13-06-2010;8;FGRUPOS;D;SRB;GHA;0;1;N;0;0;0;1;N;0;0
ZAF2010;14-06-2010;9;FGRUPOS;E;NLD;DNK;2;0;N;0;0;2;0;N;0;0
ZAF2010;14-06-2010;10;FGRUPOS;E;JPN;CMR;1;0;N;0;0;1;0;N;0;0
ZAF2010;14-06-2010;11;FGRUPOS;F;ITA;PRY;1;1;N;0;0;1;1;N;0;0
ZAF2010;15-06-2010;12;FGRUPOS;F;NZL;SVK;1;1;N;0;0;1;1;N;0;0
ZAF2010;15-06-2010;13;FGRUPOS;G;CIV;PRT;0;0;N;0;0;0;0;N;0;0
ZAF2010;15-06-2010;14;FGRUPOS;G;BRA;PRK;2;1;N;0;0;2;1;N;0;0
ZAF2010;16-06-2010;15;FGRUPOS;H;HND;CHL;0;1;N;0;0;0;1;N;0;0
ZAF2010;16-06-2010;16;FGRUPOS;H;ESP;CHE;0;1;N;0;0;0;1;N;0;0
ZAF2010;16-06-2010;17;FGRUPOS;A;ZAF;URY;0;3;N;0;0;0;3;N;0;0
ZAF2010;17-06-2010;18;FGRUPOS;A;FRA;MEX;0;2;N;0;0;0;2;N;0;0
ZAF2010;17-06-2010;19;FGRUPOS;B;GRC;NGA;2;1;N;0;0;2;1;N;0;0
ZAF2010;17-06-2010;20;FGRUPOS;B;ARG;KOR;4;1;N;0;0;4;1;N;0;0
ZAF2010;18-06-2010;21;FGRUPOS;D;DEU;SRB;0;1;N;0;0;0;1;N;0;0
ZAF2010;18-06-2010;22;FGRUPOS;C;SVN;USA;2;2;N;0;0;2;2;N;0;0
ZAF2010;18-06-2010;23;FGRUPOS;C;GBR;DZA;0;0;N;0;0;0;0;N;0;0
ZAF2010;19-06-2010;24;FGRUPOS;D;GHA;AUS;1;1;N;0;0;1;1;N;0;0
ZAF2010;19-06-2010;25;FGRUPOS;E;NLD;JPN;1;0;N;0;0;1;0;N;0;0
ZAF2010;19-06-2010;26;FGRUPOS;E;CMR;DNK;1;2;N;0;0;1;2;N;0;0
ZAF2010;20-06-2010;27;FGRUPOS;F;SVK;PRY;0;2;N;0;0;0;2;N;0;0
ZAF2010;20-06-2010;28;FGRUPOS;F;ITA;NZL;1;1;N;0;0;1;1;N;0;0
ZAF2010;20-06-2010;29;FGRUPOS;G;BRA;CIV;3;1;N;0;0;3;1;N;0;0
ZAF2010;21-06-2010;30;FGRUPOS;G;PRT;PRK;7;0;N;0;0;7;0;N;0;0
ZAF2010;21-06-2010;31;FGRUPOS;H;CHL;CHE;1;0;N;0;0;1;0;N;0;0
ZAF2010;21-06-2010;32;FGRUPOS;H;ESP;HND;2;0;N;0;0;2;0;N;0;0
ZAF2010;22-06-2010;33;FGRUPOS;A;MEX;URY;0;1;N;0;0;0;1;N;0;0
ZAF2010;22-06-2010;34;FGRUPOS;A;FRA;ZAF;1;2;N;0;0;1;2;N;0;0
ZAF2010;22-06-2010;35;FGRUPOS;B;NGA;KOR;2;2;N;0;0;2;2;N;0;0
ZAF2010;22-06-2010;36;FGRUPOS;B;GRC;ARG;0;2;N;0;0;0;2;N;0;0
ZAF2010;23-06-2010;37;FGRUPOS;C;SVN;GBR;0;1;N;0;0;0;1;N;0;0
ZAF2010;23-06-2010;38;FGRUPOS;C;USA;DZA;1;0;N;0;0;1;0;N;0;0
ZAF2010;23-06-2010;39;FGRUPOS;D;GHA;DEU;0;1;N;0;0;0;1;N;0;0
ZAF2010;23-06-2010;40;FGRUPOS;D;AUS;SRB;2;1;N;0;0;2;1;N;0;0
ZAF2010;24-06-2010;41;FGRUPOS;F;SVK;ITA;3;2;N;0;0;3;2;N;0;0
ZAF2010;24-06-2010;42;FGRUPOS;F;PRY;NZL;0;0;N;0;0;0;0;N;0;0
ZAF2010;24-06-2010;43;FGRUPOS;E;DNK;JPN;1;3;N;0;0;1;3;N;0;0
ZAF2010;24-06-2010;44;FGRUPOS;E;CMR;NLD;1;2;N;0;0;1;2;N;0;0
ZAF2010;25-06-2010;45;FGRUPOS;G;PRT;BRA;0;0;N;0;0;0;0;N;0;0
ZAF2010;25-06-2010;46;FGRUPOS;G;PRK;CIV;0;3;N;0;0;0;3;N;0;0
ZAF2010;25-06-2010;47;FGRUPOS;H;CHL;ESP;1;2;N;0;0;1;2;N;0;0
ZAF2010;25-06-2010;48;FGRUPOS;H;CHE;HND;0;0;N;0;0;0;0;N;0;0
ZAF2010;26-06-2010;49;OCTAVOS;;URY;KOR;2;1;N;0;0;2;1;N;0;0
ZAF2010;26-06-2010;50;OCTAVOS;;USA;GHA;1;1;S;0;1;1;2;N;0;0
ZAF2010;27-06-2010;51;OCTAVOS;;DEU;GBR;4;1;N;0;0;4;1;N;0;0
ZAF2010;27-06-2010;52;OCTAVOS;;ARG;MEX;3;1;N;0;0;3;1;N;0;0
ZAF2010;28-06-2010;53;OCTAVOS;;NLD;SVK;2;1;N;0;0;2;1;N;0;0
ZAF2010;28-06-2010;54;OCTAVOS;;BRA;CHL;3;0;N;0;0;3;0;N;0;0
ZAF2010;29-06-2010;55;OCTAVOS;;PRY;JPN;0;0;S;0;0;0;0;S;5;3
ZAF2010;29-06-2010;56;OCTAVOS;;ESP;PRT;1;0;N;0;0;1;0;N;0;0
ZAF2010;02-07-2010;57;CUARTOS;;NLD;BRA;2;1;N;0;0;2;1;N;0;0
ZAF2010;02-07-2010;58;CUARTOS;;URY;GHA;1;1;S;0;0;1;1;S;4;2
ZAF2010;03-07-2010;59;CUARTOS;;ARG;DEU;0;4;N;0;0;0;4;N;0;0
ZAF2010;03-07-2010;60;CUARTOS;;PRY;ESP;0;1;N;0;0;0;1;N;0;0
ZAF2010;06-07-2010;61;SEMI;;URY;NLD;2;3;N;0;0;2;3;N;0;0
ZAF2010;07-07-2010;62;SEMI;;DEU;ESP;0;1;N;0;0;0;1;N;0;0
ZAF2010;10-07-2010;63;3LUGAR;;URY;DEU;2;3;N;0;0;2;3;N;0;0
ZAF2010;11-07-2010;64;FINAL;;NLD;ESP;0;0;S;0;1;0;1;N;0;0
USA2026;11-06-2026;1;FGRUPOS;A;MEX;ZAF;0;0;N;0;0;0;0;N;0;0
USA2026;11-06-2026;2;FGRUPOS;A;KOR;CZE;0;0;N;0;0;0;0;N;0;0
USA2026;17-06-2026;25;FGRUPOS;A;CZE;ZAF;0;0;N;0;0;0;0;N;0;0
USA2026;17-06-2026;26;FGRUPOS;A;MEX;KOR;0;0;N;0;0;0;0;N;0;0
USA2026;23-06-2026;49;FGRUPOS;A;ZAF;KOR;0;0;N;0;0;0;0;N;0;0
USA2026;23-06-2026;50;FGRUPOS;A;CZE;MEX;0;0;N;0;0;0;0;N;0;0
USA2026;12-06-2026;3;FGRUPOS;B;USA;JPN;0;0;N;0;0;0;0;N;0;0
USA2026;12-06-2026;4;FGRUPOS;B;SEN;POL;0;0;N;0;0;0;0;N;0;0
USA2026;18-06-2026;27;FGRUPOS;B;POL;JPN;0;0;N;0;0;0;0;N;0;0
USA2026;18-06-2026;28;FGRUPOS;B;USA;SEN;0;0;N;0;0;0;0;N;0;0
USA2026;24-06-2026;51;FGRUPOS;B;JPN;SEN;0;0;N;0;0;0;0;N;0;0
USA2026;24-06-2026;52;FGRUPOS;B;POL;USA;0;0;N;0;0;0;0;N;0;0
USA2026;12-06-2026;5;FGRUPOS;C;BRA;AUT;0;0;N;0;0;0;0;N;0;0
USA2026;12-06-2026;6;FGRUPOS;C;CAN;MAR;0;0;N;0;0;0;0;N;0;0
USA2026;18-06-2026;29;FGRUPOS;C;AUT;MAR;0;0;N;0;0;0;0;N;0;0
USA2026;18-06-2026;30;FGRUPOS;C;BRA;CAN;0;0;N;0;0;0;0;N;0;0
USA2026;24-06-2026;53;FGRUPOS;C;MAR;CAN;0;0;N;0;0;0;0;N;0;0
USA2026;24-06-2026;54;FGRUPOS;C;AUT;BRA;0;0;N;0;0;0;0;N;0;0
USA2026;13-06-2026;7;FGRUPOS;D;ARG;SUI;0;0;N;0;0;0;0;N;0;0
USA2026;13-06-2026;8;FGRUPOS;D;EGY;DEN;0;0;N;0;0;0;0;N;0;0
USA2026;19-06-2026;31;FGRUPOS;D;DEN;SUI;0;0;N;0;0;0;0;N;0;0
USA2026;19-06-2026;32;FGRUPOS;D;ARG;EGY;0;0;N;0;0;0;0;N;0;0
USA2026;25-06-2026;55;FGRUPOS;D;SUI;EGY;0;0;N;0;0;0;0;N;0;0
USA2026;25-06-2026;56;FGRUPOS;D;DEN;ARG;0;0;N;0;0;0;0;N;0;0
USA2026;13-06-2026;9;FGRUPOS;E;FRA;PER;0;0;N;0;0;0;0;N;0;0
USA2026;13-06-2026;10;FGRUPOS;E;IRN;CIV;0;0;N;0;0;0;0;N;0;0
USA2026;19-06-2026;33;FGRUPOS;E;PER;CIV;0;0;N;0;0;0;0;N;0;0
USA2026;19-06-2026;34;FGRUPOS;E;FRA;IRN;0;0;N;0;0;0;0;N;0;0
USA2026;25-06-2026;57;FGRUPOS;E;CIV;IRN;0;0;N;0;0;0;0;N;0;0
USA2026;25-06-2026;58;FGRUPOS;E;PER;FRA;0;0;N;0;0;0;0;N;0;0
USA2026;14-06-2026;11;FGRUPOS;F;ESP;CHI;0;0;N;0;0;0;0;N;0;0
USA2026;14-06-2026;12;FGRUPOS;F;TUN;CRO;0;0;N;0;0;0;0;N;0;0
USA2026;20-06-2026;35;FGRUPOS;F;CRO;CHI;0;0;N;0;0;0;0;N;0;0
USA2026;20-06-2026;36;FGRUPOS;F;ESP;TUN;0;0;N;0;0;0;0;N;0;0
USA2026;26-06-2026;59;FGRUPOS;F;CHI;TUN;0;0;N;0;0;0;0;N;0;0
USA2026;26-06-2026;60;FGRUPOS;F;CRO;ESP;0;0;N;0;0;0;0;N;0;0
USA2026;14-06-2026;13;FGRUPOS;G;ENG;URU;0;0;N;0;0;0;0;N;0;0
USA2026;14-06-2026;14;FGRUPOS;G;MLI;SWE;0;0;N;0;0;0;0;N;0;0
USA2026;20-06-2026;37;FGRUPOS;G;SWE;URU;0;0;N;0;0;0;0;N;0;0
USA2026;20-06-2026;38;FGRUPOS;G;ENG;MLI;0;0;N;0;0;0;0;N;0;0
USA2026;26-06-2026;61;FGRUPOS;G;URU;MLI;0;0;N;0;0;0;0;N;0;0
USA2026;26-06-2026;62;FGRUPOS;G;SWE;ENG;0;0;N;0;0;0;0;N;0;0
USA2026;15-06-2026;15;FGRUPOS;H;NED;COL;0;0;N;0;0;0;0;N;0;0
USA2026;15-06-2026;16;FGRUPOS;H;KSA;UKR;0;0;N;0;0;0;0;N;0;0
USA2026;21-06-2026;39;FGRUPOS;H;UKR;COL;0;0;N;0;0;0;0;N;0;0
USA2026;21-06-2026;40;FGRUPOS;H;NED;KSA;0;0;N;0;0;0;0;N;0;0
USA2026;26-06-2026;63;FGRUPOS;H;COL;KSA;0;0;N;0;0;0;0;N;0;0
USA2026;26-06-2026;64;FGRUPOS;H;UKR;NED;0;0;N;0;0;0;0;N;0;0
USA2026;15-06-2026;17;FGRUPOS;I;POR;USA;0;0;N;0;0;0;0;N;0;0
USA2026;15-06-2026;18;FGRUPOS;I;GHA;SRB;0;0;N;0;0;0;0;N;0;0
USA2026;21-06-2026;41;FGRUPOS;I;SRB;USA;0;0;N;0;0;0;0;N;0;0
USA2026;21-06-2026;42;FGRUPOS;I;POR;GHA;0;0;N;0;0;0;0;N;0;0
USA2026;26-06-2026;65;FGRUPOS;I;USA;GHA;0;0;N;0;0;0;0;N;0;0
USA2026;26-06-2026;66;FGRUPOS;I;SRB;POR;0;0;N;0;0;0;0;N;0;0
USA2026;16-06-2026;19;FGRUPOS;J;ITA;ECU;0;0;N;0;0;0;0;N;0;0
USA2026;16-06-2026;20;FGRUPOS;J;QAT;NOR;0;0;N;0;0;0;0;N;0;0
USA2026;22-06-2026;43;FGRUPOS;J;NOR;ECU;0;0;N;0;0;0;0;N;0;0
USA2026;22-06-2026;44;FGRUPOS;J;ITA;QAT;0;0;N;0;0;0;0;N;0;0
USA2026;26-06-2026;67;FGRUPOS;J;ECU;QAT;0;0;N;0;0;0;0;N;0;0
USA2026;26-06-2026;68;FGRUPOS;J;NOR;ITA;0;0;N;0;0;0;0;N;0;0
USA2026;16-06-2026;21;FGRUPOS;K;GER;VEN;0;0;N;0;0;0;0;N;0;0
USA2026;16-06-2026;22;FGRUPOS;K;CMR;ROU;0;0;N;0;0;0;0;N;0;0
USA2026;22-06-2026;45;FGRUPOS;K;ROU;VEN;0;0;N;0;0;0;0;N;0;0
USA2026;22-06-2026;46;FGRUPOS;K;GER;CMR;0;0;N;0;0;0;0;N;0;0
USA2026;26-06-2026;69;FGRUPOS;K;VEN;CMR;0;0;N;0;0;0;0;N;0;0
USA2026;26-06-2026;70;FGRUPOS;K;ROU;GER;0;0;N;0;0;0;0;N;0;0
USA2026;16-06-2026;23;FGRUPOS;L;BEL;PAN;0;0;N;0;0;0;0;N;0;0
USA2026;16-06-2026;24;FGRUPOS;L;ALG;CRC;0;0;N;0;0;0;0;N;0;0
USA2026;22-06-2026;47;FGRUPOS;L;CRC;PAN;0;0;N;0;0;0;0;N;0;0
USA2026;22-06-2026;48;FGRUPOS;L;BEL;ALG;0;0;N;0;0;0;0;N;0;0
USA2026;26-06-2026;71;FGRUPOS;L;PAN;ALG;0;0;N;0;0;0;0;N;0;0
USA2026;26-06-2026;72;FGRUPOS;L;CRC;BEL;0;0;N;0;0;0;0;N;0;0
